2176	2889
4323	4275
1479	484
2034	1600
247	2084
2581	1479
5074	5074
5076	5074
4554	4095
4555	4554
3321	3389
5098	5097
5094	5098
5098	1774
5097	5094
1774	5097
2224	2157
2628	2157
2157	2221
2628	2628
2225	2157
2157	2157
2221	2225
2221	2221
3629	3630
2225	2225
2438	4069
1994	1993
4069	697
2438	697
3353	3419
2337	3419
3419	3418
2516	520
3418	2337
3353	3418
2337	2600
2458	3263
1101	2337
2600	1101
3261	2012
3261	3263
3263	2012
3261	2458
26	3263
3263	3263
3263	2284
3263	43
824	871
2506	1067
3264	3261
3261	2284
1461	4840
1461	4837
1461	4835
871	4020
4826	4823
2894	3618
3608	4716
3618	3608
2700	2819
2699	2699
2699	2817
2699	2819
2885	2883
2549	2885
2883	2549
1179	4283
2817	2700
2700	2700
2885	2090
2090	2883
730	730
4417	4361
1777	4361
1777	1777
4945	4943
2337	3165
1299	2166
2161	3918
2824	2761
3227	1449
991	2030
3261	3261
1998	1790
4417	1777
517	4157
3225	1449
598	3610
4987	2128
4011	3598
3478	4011
2222	1152
2222	1151
4987	660
2222	4642
4963	4960
98	3825
4711	3972
4712	3972
3188	3189
4908	4489
3585	4011
3570	4011
1590	1069
4699	1590
4699	1600
3353	1590
1600	3353
1069	1600
1449	1444
1600	1590
2967	1344
842	1344
1033	2967
1033	842
1517	1033
1033	3989
4395	1033
4096	2549
1344	4647
678	1344
3750	1344
1344	735
723	1344
1344	3819
1344	4980
3194	1344
1344	3190
1344	3714
3344	1344
1344	5122
1344	1813
3611	1344
1479	1344
2865	1344
1344	674
955	1344
1344	5167
4502	1344
1344	814
1344	1689
2596	1344
1344	330
224	413
1226	413
3204	413
3216	3204
3204	153
3204	3563
252	3204
3968	3204
1344	4995
1344	535
2865	4390
3611	4390
4390	413
4390	1429
4390	2581
1479	4390
3213	3204
2233	3204
3204	1347
1585	3204
4398	2370
2370	3611
2370	4416
1134	3204
3204	1890
3204	1847
3463	3204
3204	3396
3204	5016
3204	2898
3204	592
5066	3204
1031	2370
4392	1031
1031	1163
1031	1940
1031	227
4361	4995
2581	1031
1031	3611
1162	2370
3314	2370
2783	2370
2370	1545
1163	2370
1940	2370
103	2370
4392	2370
94	4361
4361	3089
1134	4417
1134	4361
4361	4101
3442	4361
2105	4361
4361	3523
4361	34
4361	621
3815	4361
4361	4218
4360	4361
4741	4361
4361	2940
4361	2938
886	518
886	3579
4077	886
2387	886
3957	4417
1968	4417
886	247
886	3118
333	4417
643	4417
551	4417
4417	1701
3030	4417
4417	884
3546	4417
721	4417
2517	924
3227	924
1134	924
38	895
895	4814
542	895
895	3079
824	895
895	924
2201	895
775	895
5130	895
895	1678
895	2166
886	2019
327	886
2371	3079
774	2371
3420	1777
824	2371
774	1777
600	1777
1777	535
1134	1777
1553	1777
1777	462
255	1777
3222	1777
1777	1264
1777	2529
906	924
1777	3417
994	4952
1134	4952
4952	517
2844	4952
654	4986
4986	4989
1504	2284
3151	2213
1362	654
1671	654
1671	4986
4986	1362
652	1362
654	755
4989	1362
1671	4989
2371	1373
2371	1703
2371	2034
1968	2371
4472	2371
2445	2371
2371	2005
2371	178
2706	2371
5070	2371
2371	1215
3611	2371
2371	4952
727	2371
3607	2371
1832	2371
687	633
2694	687
687	4044
687	687
687	958
687	642
687	4290
687	4187
687	1666
687	349
349	721
4986	349
482	2076
687	482
633	482
687	461
2182	2929
2182	1524
2182	1037
1524	1037
4283	25
953	484
3996	4283
25	3996
3226	1449
4987	4986
2273	2273
1449	3224
4169	4044
4169	958
687	1864
4850	687
1054	2203
1806	1054
687	440
2694	3920
4044	4266
687	4266
259	687
4044	4044
5119	1054
2337	1054
1806	4156
4660	1054
1931	1806
1806	4152
2337	1806
1054	5121
2532	482
482	2694
349	594
258	594
461	594
4327	594
594	3120
687	594
687	2377
259	3920
3120	687
3714	687
3432	482
1050	2694
354	3430
354	2694
2696	2706
2696	1806
2706	1806
6	3429
3414	3419
3426	3419
3429	3419
2706	1054
3762	3762
3762	1054
1806	3762
1931	3762
2337	6
6	3419
3426	6
3963	6
3525	5119
3730	1054
3547	5119
5119	3550
3730	1941
4660	2337
3237	3730
2337	3730
3414	1806
1054	3429
3429	1806
1806	3426
3414	5119
1806	5119
5119	3429
5119	3426
5044	3576
3837	3576
3589	3796
238	3589
3837	5044
4839	3186
3186	4848
4661	3186
2982	2988
2787	2787
2221	2626
2626	2157
3797	3569
1553	2787
2787	3248
2979	2988
1747	3311
1746	1747
953	2855
1747	2132
1018	1229
2626	2225
3311	1746
2132	1229
5121	6
6	4778
5121	3762
6	1054
2406	953
2406	652
2279	2457
2088	904
2626	2628
2620	2628
2628	1369
2628	2623
2626	4124
2617	2626
2617	2221
4124	2221
2157	4124
2157	2620
1369	2157
2617	2157
2628	2221
2628	4124
2628	2225
2224	2628
2080	5044
3192	3195
5044	3197
2221	2224
2225	2224
518	4353
1030	4354
4631	3972
3837	3195
3181	4848
4839	3181
3841	3855
3840	5044
4848	3197
3197	3193
238	2600
1453	970
973	1147
942	973
3075	973
973	973
5186	5186
234	3970
233	3970
3970	3963
3970	1450
3970	4848
1159	3970
2115	3970
4115	4986
4987	4115
4115	5006
4115	3921
660	4115
461	4850
4115	1167
289	2088
1299	1167
80	70
56	70
2225	2620
2225	2623
2225	4124
2225	1369
2623	2221
4124	2224
1369	2221
2221	2620
691	1196
4877	1196
3581	1960
1960	2589
355	538
3094	348
1614	355
355	1784
3884	2193
2785	2762
4065	4374
3884	3829
2727	222
4295	2727
2773	2785
744	2727
1641	3518
1641	478
1641	88
2725	4295
668	1795
88	668
222	4295
225	1641
3222	4268
4850	2617
668	4880
668	2335
1076	971
1991	971
971	2380
2465	287
5193	4717
5193	4716
3978	4716
3815	4716
960	3717
3717	1078
3619	3619
3107	3619
1154	4625
2355	824
871	2592
4577	1200
4716	4328
3463	4716
4716	1091
5193	4719
2002	2341
800	1633
1113	1113
2500	2396
3524	2349
2700	2353
800	3696
2702	1076
1780	219
2232	374
2414	5019
1047	1032
3116	1049
1237	1237
252	2233
2233	2232
4636	4321
4321	4650
4319	4319
4321	1442
633	2402
2196	3528
1960	1462
4947	1963
5185	2098
2098	3914
3294	2098
2098	4556
733	2076
1420	2075
5103	2152
2076	355
3294	261
3294	647
3294	2769
3294	374
1205	3294
2098	3126
3125	2098
2098	1736
2714	1570
54	1570
3239	3239
2867	3294
3294	2294
5102	3294
3294	3679
3294	3806
54	4648
5189	3673
3267	3942
4766	1141
4766	481
4766	3284
3107	4766
4766	977
4157	4766
4193	4766
4766	93
4766	4328
4766	635
4766	1853
4242	4242
1220	4290
1906	794
4290	315
4593	11
4588	990
393	5172
4593	2355
4024	4909
4908	4024
4433	5112
2916	2916
382	387
379	387
535	1252
382	379
2912	3228
535	546
2232	4030
4030	1944
3116	2881
932	3116
4030	4973
3969	3600
1152	4030
4030	1171
3423	2414
3423	1933
1257	1257
1155	2131
3423	848
3423	4890
2459	3423
5169	3423
1741	4932
3094	94
3068	94
3654	3423
3978	44
3171	3978
3172	3172
4478	2615
4974	1822
4974	2700
1641	1624
3367	1798
4284	3217
5118	5118
1056	4878
4974	238
2232	3216
2500	3110
3216	3217
374	3216
265	832
2104	5135
4498	3094
247	3774
667	2414
1164	782
1164	3789
3789	3789
2882	3561
2882	4973
1252	4554
1663	2882
3204	2232
1817	3204
3204	3212
2740	3204
3206	3213
3213	3207
3213	2740
3304	3213
3216	2740
892	3216
2700	3213
3213	3217
3216	3212
3216	3206
3207	3216
3216	1347
2785	4963
1171	4428
4890	1157
43	5093
427	1297
413	3711
2177	1062
126	1062
1062	3386
2894	2661
979	4648
4648	2445
2710	2445
1252	2445
2445	1005
4429	2445
100	1171
1336	1196
3763	3631
2681	1332
2246	2693
2695	2246
2416	679
1689	2331
679	718
679	2643
5069	4036
2740	679
1851	4963
4429	4036
4786	4963
4963	1928
5118	4648
478	1301
2808	3583
4753	2808
3583	3598
4162	5069
1868	1868
3598	478
893	2329
3865	2448
2329	1633
3617	2329
4236	1347
1978	2329
3570	1301
1301	3789
2184	4121
4590	1707
1152	3190
3583	3190
252	3190
4712	2305
3585	3529
3570	3585
4921	2964
2964	2355
2964	1231
2645	4065
2645	2844
2439	2645
1715	758
1714	231
2501	4166
2793	3878
1142	3790
1076	1075
252	2501
2501	300
3887	2501
1183	2501
1261	2492
5024	4974
3245	3735
3304	3204
3878	3548
176	3548
5013	5049
2492	2537
1152	2266
2972	2266
712	3790
2266	2203
2448	2335
2448	2844
2266	2844
2448	3068
2581	2463
1760	608
3031	2501
2497	5119
4533	1281
3790	3790
1011	3890
4533	1923
928	2031
4420	2951
2031	4439
2031	851
2323	2031
2974	2031
2031	3585
2031	1888
3072	2500
3077	176
3753	3242
3072	4878
3242	1448
3242	266
1385	2952
1560	3242
1453	1679
794	1573
6	700
700	436
436	2349
3147	436
396	5118
3583	5055
4554	2031
2031	2305
2785	2031
1707	1712
3278	1780
1790	310
1807	1807
1674	3094
4514	1402
4521	1402
1402	4525
4523	1402
3458	4206
3458	132
2946	3157
1402	4759
1285	928
150	4615
2726	104
5055	2734
1402	4566
1888	1402
1402	2974
3035	1402
3563	1393
3563	1391
1643	3563
1645	3563
756	2531
3585	3414
3563	4364
3563	1054
4521	4600
266	4521
4296	3458
5082	4488
3563	1402
3563	1638
3617	4514
1402	4873
2500	3041
1152	4520
1016	880
3041	3041
1582	4520
460	4520
4520	1154
2268	4520
1215	2067
2033	708
4520	1663
4520	3483
2199	3342
2701	3342
901	4005
408	2837
5193	1988
2740	2656
2740	2232
2693	1749
3254	3255
3254	3254
405	3254
794	1988
749	751
4215	1652
4912	3254
3256	3254
880	958
2800	2170
3813	3501
752	4215
1421	1322
4431	930
3	4677
3197	3942
2916	3837
3837	2283
3837	4144
3576	4153
624	3362
3340	625
3979	625
3369	3070
3191	3369
3374	5119
4211	3508
2695	1749
1314	3044
3048	1314
2988	3278
4550	2988
2317	2988
2988	3578
2988	2980
2988	965
1420	1423
3075	1288
3303	2926
208	3071
4294	2534
2926	3666
3430	355
355	3432
3302	3972
3972	4853
1888	3972
3094	3972
3972	1825
3972	1868
3972	2796
3628	3972
3972	3592
3152	3972
3972	4319
3895	3972
3887	3887
3547	1075
3547	1076
3549	1080
2967	2797
2414	2797
2661	3988
730	2164
3983	5065
2500	3982
3070	3124
1525	2571
2844	3070
3124	2002
783	1344
4391	5051
1333	1765
1333	1767
1331	1765
1767	1331
1444	1944
1444	589
1444	3997
1444	1735
892	1189
3278	1252
1449	4870
1944	1449
1189	905
518	3818
815	4183
854	2034
662	4556
1070	4556
1736	4556
4556	4232
4723	4556
2501	4556
1564	4556
1934	4556
3226	1444
1143	4556
3301	4556
4556	800
4465	3342
3342	502
4561	3342
3342	4519
4429	3342
1152	3342
3342	1154
929	3342
445	4703
5184	5097
5175	3942
4835	4835
1637	3280
3697	3280
1164	4708
4724	4703
1164	309
309	478
3789	309
282	309
3578	4359
794	1014
4853	4853
4956	4956
4942	676
1166	676
2974	676
252	676
676	1843
282	283
676	1645
4870	676
2125	676
1189	676
676	783
676	1183
2323	676
676	4508
1766	676
1888	676
676	1032
1088	109
676	1112
676	2787
676	2967
52	676
676	2305
676	4202
4202	3961
3971	4773
54	3426
3961	3963
109	5167
3961	3414
4429	109
4285	109
1409	5171
4429	4671
4671	4973
2871	295
2871	2717
2536	1984
3971	1984
1984	1981
3340	3972
3464	3972
3972	3647
4910	3972
3972	486
2121	1821
4564	4564
652	1047
3505	655
1096	655
655	1520
655	5123
2058	4799
4969	4969
4969	3779
2416	4387
3	1383
1383	3445
1383	2810
373	1383
1383	3159
3413	277
277	4207
794	655
2974	2974
4564	616
156	2049
2974	1888
2313	755
36	2967
3022	3022
2313	2313
1215	3155
4387	3245
35	2840
3786	493
685	2599
2616	995
616	3957
2058	616
3191	2599
4932	2558
4675	295
516	295
1360	1597
2338	1360
2185	2558
1152	3329
3625	2109
1396	794
3428	2500
2481	3625
3790	1077
2059	452
260	1937
2915	1937
3320	156
915	3493
2668	4500
2668	3528
260	2915
3968	413
912	3807
3	3
4278	2750
2899	1985
1392	4108
1213	3774
1071	3168
345	1189
249	3950
11	4278
1066	260
1066	1117
1024	1066
1066	1645
1066	3194
1066	4825
1064	1066
1066	2530
4568	1164
326	3074
1881	1066
1066	2061
3278	3278
4089	2935
4120	3260
4429	4568
1903	3241
3163	4305
3358	3355
3466	990
3942	2823
767	2854
3955	1445
1446	2825
1298	3706
144	1066
3956	2765
263	1298
2545	1066
3873	1066
564	1066
1066	4380
300	5118
11	300
534	540
300	4773
2525	1353
4773	4639
2990	3711
1353	2302
515	2313
554	4074
4187	72
72	2442
4295	1841
1841	2394
3930	3358
4766	2433
1383	4429
4549	1383
2500	3099
2313	4754
64	1444
2188	5093
4823	4584
2680	4823
2178	4823
4823	396
4429	4823
4620	4823
133	4823
4826	2102
4826	2680
4826	2613
2459	4757
4757	1984
262	3089
4932	5189
4910	4059
4059	2735
1739	719
1739	3016
3942	3274
3728	4074
4318	1643
4318	4659
934	4583
3191	4891
321	1302
1008	3040
193	2681
3028	3028
3023	1302
2584	263
2711	2027
158	3240
3899	1453
4153	2558
4260	4261
4650	4650
5082	1347
1416	5082
4041	1736
3720	1736
475	1736
1736	2678
478	1645
2002	1892
4691	1736
1736	2495
4450	263
3963	4450
4285	4450
4450	5118
4556	388
310	3439
1294	985
383	4406
11	1460
2599	76
805	3408
3963	3431
4913	4478
4870	1043
296	244
4583	2838
2404	2873
532	1765
3790	1266
5118	2977
1390	1390
3035	4429
532	1766
532	1767
4870	1152
4870	4870
4973	3035
3035	4151
4636	4636
2034	1368
1297	5140
4650	4636
3994	1975
1749	870
1975	3200
68	1975
2355	2435
2435	3000
1356	565
2699	565
4910	4910
5140	2759
2435	2435
2435	3071
767	4607
2711	5112
2711	2710
4051	4051
4373	1445
4805	1458
2665	4370
1733	4051
3070	3941
3941	4249
505	4118
505	1881
3312	4429
2675	1287
2675	4607
1047	2254
4335	3688
2708	5119
4900	3899
4900	2160
3233	3233
564	505
1117	505
260	505
969	1416
2002	533
3076	3057
3233	3113
2661	536
3328	969
969	793
1832	1645
2503	2542
3038	2503
10	608
2503	1416
2355	11
3537	10
2787	11
3094	11
2315	1409
4248	1277
1756	1756
1409	4670
110	3345
1071	2368
3595	1008
3094	2678
516	516
1166	1166
886	265
1422	1422
1445	1445
2542	4605
3094	3094
3070	934
1252	1252
3206	3212
3124	932
326	326
1767	1766
3116	3124
3212	3207
1767	1767
5193	2213
1495	5193
3095	3095
3220	1052
3430	733
445	4724
4724	3525
2125	3525
1495	715
1495	1495
3790	2682
3052	1881
222	744
1502	3220
86	3525
912	912
3963	3964
3964	4202
4187	4213
2960	2961
1967	3919
670	1252
504	3116
3510	3510
49	4588
4622	4622
260	4622
442	4622
4622	3382
2902	1564
3930	3336
2080	2079
148	710
710	1538
1434	2059
2078	1434
4387	4119
3372	3220
3572	2710
2203	4119
3728	2916
3038	2710
1766	1766
1766	1331
2131	2131
3382	260
3515	3321
1204	1204
1855	758
2844	4145
1872	1298
1843	1843
2051	478
1164	2051
2435	1510
2051	877
3942	2890
1510	2500
2274	3607
1637	3607
3607	421
3607	1836
88	5058
3607	4429
5093	3103
1493	1965
1965	4543
4900	3695
839	1422
1658	839
1935	3482
1680	1189
3103	2717
945	3089
2681	2649
3159	922
1326	922
1045	478
4027	4599
2859	982
258	1731
1731	1422
3588	1731
130	3052
3416	1843
3366	4543
5093	4489
54	1731
147	564
3416	3382
2172	3416
1719	3416
1810	4558
5188	147
1881	147
3382	147
3977	927
957	5166
466	394
3035	4696
1310	5058
2862	1097
4080	2185
2185	3430
1663	466
4261	466
2862	4605
466	3134
466	478
466	4305
1298	466
466	4265
3982	1810
3982	2022
3982	1755
517	3982
3183	4848
4848	4849
3193	4849
3193	4848
3195	3840
3193	3195
3193	3181
4848	3192
3954	2699
2817	3954
2819	3954
1288	26
4292	4292
1773	3382
3038	1235
2916	3826
3919	3919
3919	1117
1285	3919
3919	3917
3982	4720
3982	176
4542	4542
1766	1334
3982	3112
1084	3982
3982	1624
3982	1392
2001	1054
1931	1054
1054	2696
2803	1054
904	2091
2939	904
652	2855
2406	2855
953	954
953	953
2132	3311
953	1479
2626	1369
2132	1746
2626	1062
2626	2787
3954	2700
4169	3120
4169	258
4169	259
3921	687
687	1167
721	687
687	5143
846	687
1054	3222
1054	3525
3550	1054
3547	1054
1054	3419
1054	3414
1054	3426
1074	2133
3313	4970
4539	3333
3273	2133
628	705
5062	4226
1117	3917
260	3917
2481	2467
4327	1279
620	4215
3410	2003
4884	4884
2478	1464
1235	1298
3704	2133
4820	3752
3033	4277
1767	1334
4355	4355
377	3486
1767	2973
2479	2479
2587	1414
1405	3917
3917	1967
660	5194
3917	1279
2973	4370
2804	3072
2434	2662
1298	3704
2256	1366
649	649
3985	3926
3143	1494
2172	4126
676	3364
1711	4119
3586	3059
4379	4605
2404	3744
3489	1192
4379	938
4140	2908
2133	4053
2321	3343
4564	2742
2756	1414
81	1326
1414	5009
2956	3116
2913	4215
3512	3512
1516	3512
4603	4602
2442	1027
3143	3922
3143	2461
2556	675
3119	3119
3119	4737
117	2080
3139	4215
3690	440
3692	440
3064	2096
3065	2096
2018	2300
2300	4697
977	2300
440	594
3580	2076
1167	2076
2076	2926
2076	721
2227	2076
4732	2076
2076	4920
3581	2076
1119	3259
4568	3344
2090	2549
3259	758
1397	4673
5	3699
930	4568
4568	4431
3295	5030
3295	5029
3294	2408
3294	1419
5032	3295
3295	5031
3295	5026
3295	5035
2213	4718
2213	4630
4716	2213
4719	2213
2213	3295
2213	4717
4247	2229
4250	2229
2229	2055
2229	4245
2229	2229
2229	2180
2229	1974
2182	2229
2707	1533
3325	2166
3295	3301
3301	1934
3301	2199
3301	2098
1083	2193
1082	2193
2193	2203
771	2196
2938	2196
2195	2549
877	2195
95	2195
529	2213
4868	2213
4626	2213
4920	2213
5047	4707
1190	4707
2513	4707
4487	3771
4487	4908
3912	4487
1817	3416
3917	3416
2037	5188
2038	5188
3797	2600
239	2600
1963	1958
491	139
2938	3528
2213	4183
4330	4625
1418	867
4330	4245
3327	4330
2193	4282
4269	4330
1083	4282
1082	4282
147	4323
147	3749
147	3917
2036	147
2667	1610
1773	2667
1066	2667
2667	1064
594	4067
3690	4067
1411	4067
4067	204
1665	1665
1759	1665
4067	3692
4067	3972
3599	3998
3923	443
1199	3998
3998	247
3923	2033
4067	2480
3925	3923
3923	1177
442	2037
4580	442
5188	442
442	442
5188	2036
4580	5188
2076	4954
442	2038
4954	349
2924	1665
1665	482
1760	1665
2460	349
4920	349
349	2227
4953	349
2609	4989
4989	2201
484	484
1478	3259
2123	4848
2123	3546
2123	283
2123	282
3224	1944
2088	161
4878	4881
4878	4876
3477	2088
2087	2088
1193	2088
2881	2088
4881	5118
5088	3029
5115	5115
3147	5115
4878	4880
4878	5118
4876	4881
4880	4881
2619	4192
3564	4192
1595	4192
54	4192
5115	1974
1110	1111
4767	4766
842	4767
4924	4878
4987	4920
4920	4625
4630	4920
2227	4920
977	1162
258	204
204	977
3978	4397
3978	4681
4202	3978
4125	233
3147	5085
4931	4881
4931	4878
4881	4924
1075	2123
2123	1080
1076	2123
2123	1074
1088	2123
2123	1085
3698	1941
3730	2123
2123	3549
3547	2123
3525	2123
2123	3550
2657	2123
3342	2123
2123	2335
2123	2534
1974	2349
3147	2349
2349	2889
4827	2349
2889	2350
2350	1974
4908	3771
3327	5074
4711	3771
3033	3771
3570	3771
3771	3585
3180	3771
3771	3564
3771	3466
3771	3869
3771	4489
4389	4361
2423	1603
2229	2423
2180	2423
4044	2423
3891	1413
1419	3300
2408	1419
2986	1419
2795	176
2795	3077
76	374
3055	3441
4652	1837
1837	4848
4358	153
4848	817
4848	1000
817	1000
2940	771
2964	2786
1555	1720
4358	4358
4626	4920
3969	3419
3969	2337
2938	771
4626	3608
4626	721
4723	4626
2098	4626
3864	4096
4096	3861
3618	4626
1382	4096
4096	1837
1167	4096
4096	4020
824	4096
5119	3419
242	239
3712	4096
3692	4096
3618	608
1993	2353
2786	4931
3608	608
1362	4868
1671	4868
1032	1362
1047	1362
4848	1533
314	1533
98	439
3193	1533
96	4457
2122	96
96	1352
96	1417
5074	5157
96	96
3618	1342
5076	5157
3429	3963
3061	40
3585	40
4711	40
40	3033
40	3100
2619	40
40	3912
2383	40
4909	40
4753	40
4424	2645
4424	4065
4431	4431
4849	2875
4848	2875
2401	2875
3195	2875
3188	2875
2875	3186
652	1032
654	633
3193	2875
2399	2875
4986	755
3218	4986
2227	4987
1959	4987
1371	1371
3284	4986
4986	3560
4986	4986
654	1974
1974	4247
3089	755
5085	1974
4827	1974
3147	1974
4245	1974
3382	1974
5074	258
3957	4766
2204	1974
3327	3327
4176	4766
4766	1461
4766	258
3394	4766
4766	3565
3089	2844
745	3565
3284	3565
3289	842
4766	4190
3289	3284
3289	4766
2877	2877
4190	2877
2841	608
2841	1671
979	1391
1393	979
1332	979
5157	979
409	3071
3071	2965
1547	1441
1441	1549
608	2839
3071	2841
3071	2839
3071	654
2458	484
26	2458
2458	43
2458	4064
1441	26
4064	26
43	4064
43	26
2012	4064
2012	2458
43	2012
2012	26
5121	2012
605	2012
604	2012
484	2012
3529	4908
4908	3912
4712	4908
1590	4908
4908	2031
3869	4908
385	385
382	381
4908	3972
4908	2701
1796	4908
4908	1270
247	4908
4908	40
4908	3745
2329	4908
2940	2196
3180	4192
2128	4247
4415	2459
2128	654
4655	2128
1062	4723
2098	4723
1083	1082
2442	4673
300	4673
4673	4681
308	4673
4190	4673
3598	2031
3598	5055
3912	4909
3529	2871
3529	3086
2031	3529
3478	3529
3529	3912
247	3529
3570	3529
1806	3525
3550	1806
1397	5157
2518	334
4652	5157
5157	1344
5157	4675
5157	4674
3598	3130
3598	2954
3570	3598
3598	3585
3598	2383
3529	3598
1806	3547
3419	1806
2337	4973
4973	1449
2770	1479
2118	4678
2201	654
3147	654
654	654
654	2609
5157	1589
5157	5157
5157	4673
2233	5157
4470	4470
1313	4470
4441	4442
309	4470
2329	3060
3033	2329
3130	2329
4711	2329
2329	1590
2581	2329
2329	3598
3100	2329
3714	3714
2481	3692
3692	1411
3692	594
4712	2329
2329	3478
3475	2329
1560	4107
80	56
4827	5085
4760	3068
3068	2987
2447	2443
2447	2446
2447	4055
2447	4158
2447	1313
1311	2447
3076	2447
2447	3072
2370	1775
2448	2449
2446	2443
4472	2447
150	1759
608	1759
3996	3996
2581	1449
2201	1760
2609	1760
1759	2201
1759	2609
2447	2243
2243	4055
2243	2241
2243	2244
2337	4231
3068	3068
3723	2243
3723	2241
2408	2408
5019	2408
2409	2077
2408	2409
5019	2409
2409	2412
5019	2386
2409	2409
3383	2501
2410	5019
2501	2098
2501	1190
2497	1190
1190	2513
3996	330
2496	1190
4868	4655
2536	1683
2371	1683
823	823
799	798
4534	1342
2406	2406
1218	2406
2406	1220
2406	1205
1220	1218
1205	1218
1218	4568
1220	4568
2077	2408
2412	2408
608	873
2201	608
259	259
481	4628
1724	4628
1062	4556
1553	3261
3757	3261
1286	3263
3344	2889
4824	3344
3344	4825
3344	4818
4821	3344
4814	3344
3344	4815
4309	4300
4309	4305
3458	4309
4309	3452
3452	4305
4300	4305
4300	3452
3458	4305
4350	4294
4300	3458
3452	4350
4294	3454
3452	3457
3452	3458
4778	1590
1394	1590
3255	3237
4848	3915
749	752
752	2337
4848	283
4187	4110
4848	2115
4848	1159
4110	4211
3492	658
4110	4188
4213	4110
3195	3188
3186	3188
3188	3193
3186	3193
2122	2125
2122	2086
2086	2125
2234	943
4579	893
883	881
881	4323
1817	881
882	2308
3382	2050
893	2065
893	968
494	139
2227	2460
2063	2060
3147	4827
4472	1313
1311	3072
1311	3076
2619	2031
2982	2982
2982	5010
2982	5009
2988	2988
1014	1705
1031	4361
3449	842
2895	76
2031	3100
2031	3033
2031	3583
1705	1013
3432	733
150	3432
2982	5011
4534	3432
4306	3926
4848	3188
5087	3432
5098	935
1286	3079
2986	1282
1288	2888
1314	1286
4190	4190
4178	4766
2284	2369
5161	2284
81	1720
3993	3217
1721	1612
81	1612
57	25
1721	1720
4283	4283
57	81
3217	4489
3206	3217
535	3217
3217	4902
4105	3217
3217	153
3397	3217
3217	1570
4856	3723
4855	3723
4858	3723
3723	4857
3725	3723
3725	4864
3721	3725
3725	4861
3814	4105
4864	3669
1580	4866
4866	1583
4866	4864
4866	4866
4906	4866
4851	3723
4245	3745
4283	330
3180	3745
1595	3180
3180	3478
4652	3180
958	4044
3180	2871
2031	4711
4711	2871
1794	4712
1794	4909
1794	1110
1111	1794
4283	57
81	4283
3999	4627
1332	4711
4711	1794
3745	4711
2645	4711
4652	4711
3135	4711
3478	4711
3033	3912
4711	3912
4712	3912
3972	3912
3092	2549
3131	2549
3999	3131
3131	3092
5031	4615
5031	3265
5030	5031
5029	5031
5030	5032
5029	5032
5026	5032
5032	5035
3414	3429
3429	3426
3429	2337
2797	2797
5031	5026
5031	5035
5032	5031
2337	5119
3478	3135
2701	3972
3745	3585
3478	3190
2221	2797
2797	4550
3869	4489
2337	2803
3745	3564
3100	4191
3564	4191
1332	3564
1332	3585
1796	3585
3972	3564
3972	4191
2818	3795
4668	2818
3610	3795
3610	2818
2820	4668
2820	2818
3610	2820
2820	3795
2809	4668
2809	2818
3610	2809
2809	3795
2811	3795
4668	2811
2820	2809
3610	2811
3610	2813
2811	2809
2811	2820
2811	2818
2820	2813
2813	2818
2813	4668
2813	3795
5030	5026
5029	5030
2811	2813
2809	2813
5035	5026
5029	5035
5030	5035
5029	5026
3563	3563
409	2484
654	409
1450	3609
1450	310
1444	3227
1110	4778
2337	1110
4778	1111
2337	1111
1119	3052
5012	1119
1119	2897
89	1119
90	1119
758	1119
977	258
130	1119
771	1041
976	977
1393	771
150	771
771	3563
771	1391
771	915
397	771
2201	633
3657	2201
4662	3194
482	2201
1646	4391
3525	3429
3206	153
3206	3551
3212	5044
4134	3212
3206	1494
892	3206
3211	3206
3206	3204
3206	4407
3207	3206
3215	3206
3206	638
3207	1067
3207	3577
342	3206
153	3207
1788	3207
3207	4407
3215	3207
2990	3207
3204	4680
3204	2537
3204	3651
4130	3204
3679	3204
5070	3204
4996	3204
3204	4083
3909	3204
4165	3204
2208	3204
3204	4500
321	3204
3204	4493
3204	2631
2309	3204
775	3204
3156	3204
4407	3204
1517	3204
3204	221
3450	3204
3306	3204
3880	3204
1788	3204
3845	153
153	3118
153	2845
4615	153
3318	153
1596	153
153	820
153	2430
2233	153
4628	252
153	1134
252	252
252	936
1507	252
517	252
2802	252
252	2898
3887	252
252	1550
2233	3475
3543	2233
2017	2233
5125	2233
2233	2779
2233	544
2233	3201
4657	2233
1725	2233
2233	2514
4104	2233
3829	2233
2233	2802
4075	2233
2940	2233
2898	2233
2233	3222
4449	2233
2233	4602
2233	1220
2233	823
3345	2233
1020	2233
2233	3986
2140	3212
4848	139
594	4063
1411	4063
4063	4067
2233	1973
2931	2233
2233	4871
1591	4295
1643	4295
3270	2727
2727	4081
4169	4732
4169	1231
4850	4044
3659	4295
4689	2569
4297	1143
656	1143
4921	1143
3626	3925
4126	4836
852	4126
3530	4126
2778	356
1135	349
355	2164
356	4732
2068	349
575	1143
349	2200
349	3383
3278	355
355	730
4615	4954
355	1138
355	5019
2166	355
4550	355
355	1153
654	3217
1087	3217
5118	3217
1703	3217
3217	4543
3217	3587
3217	4531
388	3217
2339	3217
3217	214
3217	1454
3227	3217
3217	4008
447	3217
3217	2646
1347	3217
2537	3216
3075	3216
3358	3216
936	3216
5187	3216
252	3216
3216	153
4902	3216
4314	3217
3217	1732
1280	3217
1341	3217
2924	3217
919	3217
3217	342
3217	3611
3216	4122
134	3216
3309	3216
1951	3216
3216	4407
2400	3216
5027	3216
3216	2233
2898	3216
1803	3216
3457	3216
3216	4981
3216	4634
447	3216
1329	3216
2503	3216
3216	4134
889	3216
4920	3216
3914	3216
3216	2292
3216	2033
3216	3902
3213	1441
3216	2171
3216	774
4220	3216
1553	3216
4595	3216
3216	356
1568	3216
3216	2671
3215	153
3215	3075
1016	3215
3216	3215
3217	3215
1316	3213
2898	3213
1507	3213
2529	3213
3213	602
3815	3213
2215	3213
5103	3213
3213	578
3213	4361
153	3213
3213	805
3213	892
4274	3213
4991	3213
3213	4433
3213	3390
2139	3215
3215	2924
3215	3045
4172	3215
3215	2034
3215	1968
3204	3215
3215	4274
3215	535
2814	3215
3212	3213
1803	3212
3577	3212
2693	3212
3212	153
3212	220
3212	2967
3212	3638
3213	2232
3344	3213
657	3213
3213	4466
3607	3213
3213	1453
5167	3213
3213	2233
3212	4407
3212	1737
3212	342
919	3212
5118	3212
2538	3212
892	3212
3212	3215
3212	266
3212	3217
3212	4274
3212	4991
609	3212
692	3212
3212	1082
447	3212
2641	2501
1995	2501
481	2266
2266	4732
2648	2793
858	2793
2501	3855
65	2501
783	1130
1130	2414
3194	1130
2500	1130
2201	2265
2269	2201
1130	2223
2700	1130
3352	594
958	594
594	564
594	1024
1719	1167
1639	1167
1362	1220
1332	4459
176	3810
176	266
2793	4282
380	2793
5019	176
4292	176
176	314
176	309
2218	4310
4310	4375
913	2862
2842	4310
1062	4277
1918	913
2841	3621
1062	1125
1153	1167
1167	1666
2162	4303
2866	701
3583	4303
1403	4303
4310	3955
4310	2209
2953	3036
4439	2953
738	2953
2299	2953
2953	3758
2953	3386
2953	258
4550	2953
2495	4130
2767	4130
2353	3743
1731	2953
1608	2953
2953	1231
2953	4937
1058	2953
174	1573
2562	1573
1653	5090
903	1653
1679	1653
1653	1676
4921	1653
1653	5075
1022	1653
1653	4780
1478	1679
1679	3517
1676	2881
1676	3190
1676	3386
1676	300
3578	802
802	5155
4044	2694
2165	802
3195	3064
2928	700
700	4181
700	4439
1651	1676
1653	1651
1573	3518
1573	1674
1573	4422
1573	933
3158	1573
1573	4921
4208	4711
4711	2500
4711	2441
2323	4711
4711	5058
1378	4711
4711	295
4711	4355
4783	5035
191	4168
2717	4711
137	4711
5188	802
802	1634
4658	191
5180	4175
4711	4292
1778	4711
1221	1130
4902	1130
3298	4711
4711	1148
4711	3345
4711	4065
2508	4711
4849	4711
3712	4711
3749	4711
5098	4711
4711	1933
4711	1888
4711	1765
4625	2201
4625	756
4096	4887
4625	501
4715	1309
4715	1938
4652	4625
4715	1510
4715	4824
3190	4715
2678	4715
93	4715
4715	106
1668	4715
4715	2551
782	4715
4732	2166
4732	2619
4715	2619
517	4715
2699	2700
2699	97
4485	2699
2645	2700
1242	1570
1722	1570
1570	4485
2819	2817
2081	2063
2098	3782
1313	1570
1570	1282
1056	2213
501	2213
2213	1938
2213	2391
4824	2213
4525	2213
2213	4521
2213	4625
4896	2227
4409	2227
3383	2227
1160	2227
2947	2227
2166	3095
2166	2166
2164	1231
3580	4266
2164	2166
639	4012
4327	4266
2502	639
4324	639
629	116
639	721
629	4626
1846	629
4953	1507
122	4953
4953	2267
2200	4953
4732	4953
3749	4953
2953	4166
2953	4415
2953	783
2953	903
2953	5155
3537	2953
958	2953
977	2953
3565	2128
1640	2128
2128	593
4182	2128
2128	4676
2128	3191
2953	4925
4948	2128
3580	4732
3580	4085
755	3580
3580	2500
4324	3580
3580	4615
1152	4399
4652	4399
3580	3581
755	3581
2500	3581
4324	3581
4615	3581
3580	355
3580	1960
3580	2166
3890	3078
1666	4104
809	1666
5028	4305
4085	3581
4732	3581
2166	3581
3581	355
3022	2613
1881	2613
106	2613
4288	2787
4932	2439
1566	3336
1566	2068
2303	117
1753	3604
264	3604
3604	4652
529	3604
3374	3933
3813	2787
4810	234
3933	3298
618	824
1221	824
371	4096
908	824
4375	3836
3836	2862
2349	1318
3084	2349
2031	958
958	1794
3513	958
958	1581
2871	880
958	1254
1668	880
958	4277
37	958
3788	431
958	887
958	198
958	3815
958	2033
958	2104
958	1911
1102	1559
1559	783
1559	1160
1932	2541
1932	4781
3354	1932
1034	958
788	431
3637	4044
2165	1559
2862	1559
2172	1559
1559	3917
1559	1461
1559	1609
2645	1559
3155	2065
297	2065
4059	2065
1243	2065
2065	4722
4773	2065
5169	2065
4268	2065
4738	2414
4738	1467
4896	4738
2654	4738
2065	1011
4255	2065
1843	2065
3069	2065
259	2862
4732	259
1731	259
1231	259
258	559
258	661
258	1608
1024	258
958	2930
880	2930
958	4156
4156	880
824	958
824	880
958	1585
1585	880
4524	4921
2862	3383
2862	880
594	880
3617	4508
1828	1221
836	880
966	3617
2671	958
4292	676
3674	676
2671	880
2613	4362
484	646
676	3788
1868	676
2845	4615
4615	4732
4065	3280
3227	2902
4324	4615
3679	4615
2500	4615
4615	3758
4623	3771
3093	3771
3771	3194
4615	4615
2146	3771
3771	2200
3771	1863
772	3771
4578	2727
130	755
958	245
755	4415
2482	755
979	755
2360	958
4395	755
958	53
755	1261
755	3815
4114	755
772	958
755	3382
752	755
4550	755
1189	755
2068	755
755	3547
3194	755
958	4565
1984	755
4468	755
3707	755
4268	755
2821	755
616	755
1330	755
2478	755
5058	755
88	755
193	755
1311	4777
3471	1311
3885	1311
3760	1311
1416	1311
5031	1311
2876	1311
1324	1311
1311	3816
1311	2653
4451	3398
3392	3398
3398	484
3398	5085
3398	4442
3398	3147
2063	2180
2180	1401
1288	3848
1282	764
3035	2986
1288	4794
2986	2967
2986	1932
3044	3048
2986	4707
3077	2862
2547	3077
1901	1311
2136	1311
1311	3562
4822	1311
4907	4356
4356	5075
4356	1730
2526	4356
1167	4356
1270	4356
877	4356
4356	2856
1667	4921
3517	1669
4356	219
4356	2707
470	1676
1676	583
1669	3570
536	1672
3515	3517
3517	2935
3392	58
3398	2349
2967	4462
1183	4462
4294	4462
2862	4462
4252	4356
4356	4576
560	4356
4356	549
4102	4356
4356	421
4356	3334
4356	4376
958	1422
958	1016
958	958
958	902
958	2862
88	958
958	836
958	3039
3255	3256
3255	680
4738	3255
3255	3890
1136	2212
2460	355
4215	2785
2654	3256
3351	2065
1214	2065
2065	1075
769	2065
2065	1703
1401	2065
1242	2065
2085	2065
4358	1949
3079	1949
4422	5075
4862	4862
2065	425
2065	903
1949	4362
4939	2065
4041	2488
4493	2488
1234	2488
3050	2488
2488	4961
2488	3137
5125	2488
2488	2609
2926	4732
4176	76
3432	2926
3580	2926
4354	3971
4547	4354
1030	1030
4354	4354
91	3365
624	4340
4613	3369
1022	3373
2740	2740
2740	3012
3715	2740
1220	3262
2488	4749
2488	4666
2488	3209
122	2488
3421	760
3048	3365
4921	3365
3365	1022
4459	1984
4459	5082
1645	4459
4459	3382
82	2930
4624	4022
1903	4294
1091	1903
30	27
27	339
27	329
27	29
363	21
329	339
329	348
1177	462
21	4869
21	27
5132	21
21	3702
30	329
21	78
29	30
339	30
339	21
343	21
21	348
21	329
17	21
21	16
21	30
29	21
2685	1727
466	497
3373	3367
2784	2685
1252	779
779	4202
466	1645
466	2844
4803	4884
1681	3281
2784	4992
2238	1930
973	4438
3033	4438
611	4716
2577	1122
3003	112
2849	112
1334	4906
2299	1788
3173	2182
1608	4117
137	4341
112	3510
2289	1008
5011	5009
3274	257
2958	616
4134	2381
768	4302
514	3210
783	783
552	3825
2987	552
552	756
98	552
4730	552
5111	552
950	552
5189	552
552	4590
552	4892
3712	552
552	2513
3617	558
1190	204
1190	1190
947	552
3070	4590
947	3070
3070	3070
3070	204
3092	3092
2844	2844
3092	4590
3477	3092
4590	2844
1171	2844
2166	2844
2201	2844
3477	737
3092	737
98	4590
737	737
337	21
21	335
3702	18
5132	18
27	18
4869	18
18	29
30	18
16	18
17	18
329	18
348	18
343	18
339	18
337	18
18	335
18	78
21	21
21	18
361	18
363	18
4615	3265
3299	1960
3299	916
3299	3325
4730	3070
4730	949
558	4730
5111	4730
4590	4730
552	2844
552	2489
3070	3325
4590	3325
2200	2200
2200	4590
3070	2200
558	2200
5170	3746
3746	4590
3746	3746
3194	3746
3657	949
1764	3746
558	3671
558	558
317	947
98	558
2583	947
2583	4590
4466	2583
2583	2583
948	2583
5111	2583
2200	2583
949	2583
3671	2583
883	883
1190	883
2010	4367
2010	2010
3092	948
1692	949
3125	4590
103	949
103	948
103	2746
1190	2531
947	2987
949	836
103	204
103	1764
2987	2987
2987	204
5111	2987
2987	4590
756	558
756	405
756	3437
2926	3437
947	949
949	948
3089	317
2166	3825
950	949
3056	204
2200	949
949	949
4590	3131
3131	3131
2164	790
3039	3039
950	558
2531	3299
1020	3091
4590	950
558	947
2513	947
1020	947
3131	947
948	947
2500	947
3771	3771
204	947
5132	2987
1020	5132
3070	1901
558	3843
2201	5132
98	947
558	5132
5132	3437
957	3771
3771	4620
3771	4645
3771	5170
3771	1345
3771	2134
4403	3771
3771	1580
3771	3511
3771	2233
947	947
4590	947
417	3771
3771	2092
2821	3771
364	3771
3437	2882
756	2882
204	2882
2882	1020
2882	2882
3437	3469
3194	3836
3836	3836
1151	3091
1151	5111
1151	1151
947	1151
2925	2925
5170	949
3657	5170
2882	3194
5111	3089
1020	3089
3089	2166
947	3089
3089	4600
3089	4892
957	5111
3089	3089
688	5144
5143	5143
4466	4466
948	4466
4590	5111
949	4590
2987	3089
3091	3089
3019	2776
1843	3874
2576	2498
1712	975
1001	973
1173	1001
1317	4644
412	5120
3053	4853
4781	3495
4478	2466
5017	4995
2894	2232
2894	2988
3495	64
3010	1089
1453	4445
4445	3382
5103	2986
737	1991
2058	3976
4131	470
4445	4459
4445	3755
1001	2316
1807	1001
978	1001
1001	4714
3337	4027
930	3935
3951	1645
4471	703
4319	4170
1940	572
4264	1343
3917	116
2915	116
260	116
4622	116
4805	2120
3976	3322
5056	688
1793	2797
1793	4687
3540	3407
4174	3540
1535	5015
3000	4319
2482	1056
4079	1755
1056	1231
1056	3092
1056	1164
2774	1056
1056	3919
1056	4542
698	698
1164	4509
2300	4143
1645	4143
1984	4143
156	4143
3337	2891
1957	3867
4797	4933
3502	4797
4013	2568
2635	159
176	697
4251	3622
1983	3779
2707	314
2780	2785
2780	3320
624	1006
4452	3114
2747	1006
461	1006
5105	3649
3649	4301
3571	4977
2729	4657
137	1307
202	1307
4286	2159
4185	3315
2408	3830
5119	2903
1032	1671
1671	1571
1671	1626
1047	1671
1671	263
156	4112
4850	2920
1982	1068
1227	3738
3885	785
3885	3024
4852	1356
1712	1709
3187	5029
3330	3330
744	3501
4048	2032
3432	2032
2949	1385
2305	2949
2360	2356
544	1429
544	497
2065	3382
678	1855
3996	1855
2476	4580
3034	4879
3726	2166
1791	3726
567	746
1974	140
3619	531
439	2118
3510	389
2712	389
1505	138
150	3284
2421	439
4337	3887
4778	2210
4778	543
4778	1733
4778	3333
4778	972
4778	766
4778	753
4912	4778
4265	4778
234	4778
4778	2304
647	4778
4778	9
4159	4778
147	4778
4778	2465
4775	4778
1252	690
4778	2594
4778	1023
4778	1806
322	4778
602	4778
3731	4778
1439	4778
4211	4778
4778	4679
1577	4778
4778	5108
632	4778
4778	2583
4778	2755
1080	4778
1370	4778
4778	2666
4778	3355
4365	973
4778	4518
3870	139
973	3870
4424	1745
3870	556
4691	4211
3227	4691
4569	4569
993	1083
572	2533
4406	4569
2528	3535
24	2855
497	815
973	815
815	681
815	435
3339	4952
2191	3689
5013	4407
973	1537
26	2786
956	3483
3483	436
423	3483
3065	3483
3483	3064
4778	348
4778	3902
3260	4778
3465	4778
1751	4778
973	1034
2543	931
4973	1653
242	4778
4778	1990
2286	4778
485	4778
1446	4778
4126	4778
2120	4778
4778	2124
4778	1474
4778	4922
163	4778
4778	4477
4778	2223
4778	1440
3024	4778
4778	519
4778	2274
1996	4778
2717	4778
4778	1306
4315	4778
4778	3482
4778	1556
4778	1931
5000	4778
3770	4778
4778	2197
4778	1578
541	4778
4778	1799
4778	4499
4778	1904
4778	3753
4778	337
4662	4778
1924	4778
4778	2815
4778	2126
4778	4971
4778	4414
1986	4778
4778	2048
4778	5020
4634	4778
4927	4778
4778	4081
4778	4063
4778	3455
4778	1074
1816	4778
52	4778
4778	3313
4778	1461
4903	4778
5063	4778
2883	4778
3618	4640
4640	4535
4640	172
4640	3475
4640	2456
1909	4640
4085	4640
4640	2495
5067	4449
5090	2794
997	2916
4973	4640
1738	4301
2433	1377
2298	4922
4449	4807
1935	1204
3134	1935
4656	1238
1376	2867
1776	840
1776	4886
820	218
2231	3062
3222	1643
1687	3222
1426	4949
2305	2305
2498	3090
3382	1356
3090	1180
3585	3090
4606	1474
710	1474
3428	4220
4401	3913
1667	4220
4115	4220
2432	4220
2431	4220
1595	1395
3323	1595
1958	4973
4973	1472
2487	4973
2678	4973
4086	2114
163	2638
1551	268
1934	861
3572	1934
4439	1966
1840	1966
1966	2170
1966	2605
4247	1513
2464	2790
1386	1172
860	3956
3554	3775
2712	788
3483	788
3566	5066
5066	4304
831	4658
2182	4115
3157	3443
4962	2577
296	2139
155	2145
3132	2406
2416	347
2069	709
1896	1621
3256	2947
3256	847
2016	586
2131	1162
242	406
2301	242
421	2539
3629	2774
1026	1681
2795	1430
2926	1204
2926	616
709	4640
1422	2931
769	1643
905	4260
3618	769
1645	769
769	751
478	769
2774	2774
3517	2688
2567	2876
252	2740
4909	2876
2876	4118
905	1520
175	905
1645	3134
3618	905
3000	594
1112	1999
748	2020
594	3004
2567	4009
2186	3982
4305	1999
4652	2654
172	3197
3426	2890
2333	1917
2150	2632
1252	1553
3830	1029
2172	5134
3914	5134
1315	4784
3784	4784
4784	3996
4562	3626
4211	2323
1759	1127
3689	3996
1081	4434
49	1510
1510	2254
1510	3080
4305	1510
1510	2371
1510	1912
3272	1510
5092	1510
4806	4255
4962	4255
3909	3838
1840	4255
1510	1077
1510	4159
1704	1810
1510	1080
1221	1510
4114	1510
2649	1510
1510	739
756	2190
4747	855
2654	2000
1510	4716
551	1510
4665	1510
2905	1510
1510	525
836	1510
2415	1510
1510	3150
1418	1510
1216	252
2787	1216
1216	2499
1216	795
4693	1216
4365	4532
3783	4380
4380	5176
5104	1211
1563	3939
955	1445
3955	955
4559	1158
1231	5109
1231	1231
1926	1216
639	2528
639	2523
639	2681
639	868
639	4050
639	2828
639	4973
639	1474
479	4230
569	4382
2242	639
639	1533
2900	639
639	1733
639	2550
2378	639
4405	3400
398	1017
382	1585
382	4973
2441	829
4751	2253
4276	5148
829	1902
1269	98
3662	5120
413	2082
3298	1221
1840	2085
1853	1222
163	639
2455	1977
1304	4496
3512	4496
4496	1047
4622	4496
4404	4496
1727	4496
1556	1636
777	4211
1414	777
4120	3172
1446	4260
2507	139
3391	561
4928	3946
956	956
4345	3144
4596	690
1056	2360
1257	1056
3152	1056
435	4593
4593	2262
3298	4593
4780	3170
3198	3812
2807	3004
5076	993
1032	1032
2577	4496
1311	534
2515	3203
50	3812
1112	1056
3239	1056
4292	1056
1416	1056
2110	1056
4051	1056
1056	516
3119	1056
1056	1807
2479	1056
1056	4636
1056	3391
4710	1056
1056	4554
4687	1056
3254	1056
973	4546
4546	4546
492	2554
4582	2371
380	2305
492	33
3871	733
599	402
3459	1634
3871	2617
1493	3421
3459	1922
4459	3972
1657	2299
3972	4291
3972	673
4193	4249
4918	4197
3414	1493
4543	1493
3663	3349
4956	2102
2102	3899
809	2102
2127	4517
1108	4752
4752	653
1247	3975
4990	3298
3671	4568
4115	4823
5123	3804
4736	3972
3972	3070
4202	3972
3972	4554
3972	2405
4260	3972
3718	3972
3972	5047
1252	3972
3972	1303
3972	3305
3972	2688
3945	3972
252	3972
2346	3972
4812	3972
3972	2316
3972	1204
3972	690
3972	4037
5108	3972
4653	3972
1257	3972
3972	3078
2108	3972
4225	3972
4290	3972
5125	3972
310	3972
4622	3972
2974	3972
3972	4005
3972	2396
4956	3972
3901	3972
1293	3972
4636	3972
4974	3972
3972	3000
3972	5128
5050	3972
3896	3972
3972	4822
3972	1148
23	3972
3172	3972
3972	4051
3972	1710
2988	3972
1195	3972
3972	2787
435	3972
2479	3972
1563	3972
1807	3972
3972	4479
4355	3972
4262	3972
3972	3942
3041	3972
794	3972
2138	3972
3972	1767
3	3972
3972	3779
1112	3972
3972	3239
254	3972
4809	3972
3887	3972
2538	3972
3972	2785
816	3972
2355	3972
3972	3919
3972	4592
3972	4350
3972	4714
5082	3972
4650	3972
3972	3119
516	3972
3972	1290
3031	3972
1461	3972
2503	3972
4451	3972
3113	3972
3972	4527
3972	3789
2442	3972
3972	1390
2296	3972
1166	3972
1294	3972
1174	3972
3945	1785
5077	75
75	1749
4845	2972
4982	4982
1645	1531
4485	3512
3583	4485
3125	3035
3035	3031
3035	4547
1043	1400
2216	4812
2103	2727
1506	2284
897	765
3972	698
1032	3972
497	3972
3972	1189
3035	1532
2482	3972
1585	3035
3035	616
1766	3972
4542	3972
1164	3972
2681	3972
3972	2917
2305	3972
1231	3972
2774	3972
3074	3103
3074	3074
1252	3074
1166	3074
2723	2351
906	2351
1380	1570
1046	3550
4973	1237
1743	1818
531	1809
868	11
3461	3450
1476	1334
366	3220
3754	3044
2511	532
1626	2511
1656	4414
1656	2019
282	1173
1033	1173
2495	4342
1117	1983
2634	4976
4976	1116
4921	452
2619	259
4318	1656
4761	1656
1656	2521
1656	4772
1698	2364
1702	1712
3901	4252
1927	4303
945	1221
390	4188
1700	4755
2273	3329
1769	3099
3105	2559
1854	2559
3306	2040
3861	1935
4696	1969
3583	1969
3510	3099
4381	372
3909	390
372	1608
5191	372
2145	2026
4688	4498
4359	1493
2845	964
3467	76
2618	2941
4792	4611
4973	76
3488	4586
1232	1500
2618	3467
3229	5016
215	668
1141	4640
979	4095
367	4301
2760	1101
4667	686
2760	1137
2760	4896
4981	5190
2760	4993
1750	4084
3482	4301
1680	435
1840	1750
4751	3163
3163	2927
4890	2490
2490	4260
5027	1826
2573	4098
3249	4098
4410	612
4855	4856
3957	88
3516	4863
4590	88
4424	4590
2076	4590
4590	2922
4590	3585
4590	3484
3512	4303
3300	4890
98	750
4544	230
32	2748
2440	3583
231	230
2916	4714
2440	410
2210	1018
2916	2919
4615	2096
4615	786
4286	2126
2236	1749
2010	4069
600	1661
2860	4148
4301	4148
3961	3964
3964	3031
3903	1420
3385	1669
2135	1669
2305	1669
1669	1164
1453	1669
5082	1669
2617	1669
3119	1669
2503	1669
1669	1442
3942	1669
3100	3555
3100	4756
3100	4294
3100	4791
4295	3100
270	3100
3100	1065
1666	3100
3100	1320
278	3100
3100	1080
2757	3100
3323	3100
3100	2097
3100	3095
1204	3100
3100	1988
3100	544
3100	3380
3100	4369
2689	3413
2884	1209
3100	3194
3887	2406
478	2599
2599	127
1645	3298
2599	1645
2346	1508
678	73
1354	1967
3959	1645
4956	676
3172	676
676	4262
2435	676
676	3233
4822	676
1422	676
5050	676
676	4225
4710	676
676	5125
4946	676
676	435
676	1797
676	2479
1807	676
4029	181
4020	2355
3861	2155
4295	2155
676	1257
1204	676
676	2316
1769	4336
4350	4350
1645	2523
1477	3654
156	3552
3512	5136
4214	2777
2311	4350
2884	4350
676	2135
676	497
676	2482
4747	1099
4683	4383
1435	4383
449	4703
1669	1015
3074	676
973	676
3996	676
676	1231
676	956
1056	676
4319	676
676	3092
4796	676
676	3887
1416	676
3239	676
4714	676
4650	676
676	4542
676	3919
676	4564
676	4884
676	516
3119	676
676	1390
269	676
676	4776
3789	676
3689	1506
1506	4932
3654	1506
488	1506
1506	3989
1506	824
1428	1506
4261	1506
5016	1506
1506	1380
4683	1506
1506	2511
1506	2540
1506	3927
2907	1506
4288	1506
1506	3609
1506	21
3287	1506
2781	1506
1506	1583
4882	1506
1506	3460
1506	2428
2334	1506
1506	1922
1506	3602
1506	131
1084	1506
3266	1506
1506	3055
461	1506
4427	2577
1339	144
3586	4983
1735	3586
4414	1215
137	4952
3544	4253
3267	4414
3495	3302
324	3401
1231	2808
2808	4636
973	3586
3586	4973
3641	1220
4089	3641
4466	1506
5134	1506
762	1506
1506	2890
1506	2621
1506	3184
1506	4359
1506	509
136	1506
1506	3282
1506	3576
761	1506
2327	1506
1688	1506
1681	1506
1506	3862
4973	3706
3382	3706
3706	3716
1011	3706
4784	3706
3706	1759
3706	2747
3706	1893
1017	3706
3706	3703
3706	1853
4878	3706
3706	919
1229	3706
3706	4120
3088	3706
2961	3706
2523	3706
3706	1428
3706	4406
933	3706
3591	3706
3706	3873
3706	4768
402	3706
816	3706
3706	3766
2007	3706
3616	3706
2927	3706
417	3706
659	3706
1506	1875
1584	1506
1506	2424
3227	1506
3746	1506
156	1506
1506	4159
1506	3550
1506	472
1506	669
498	1506
1506	67
2882	1506
1506	4073
1506	1822
1506	2585
3706	2692
4691	3706
3026	876
3989	731
1506	1839
4393	1506
1506	1356
3248	1506
1506	2519
1411	1506
1506	4427
1506	2345
1506	3264
1506	4514
1506	68
1506	1196
2918	1164
2918	2917
1101	1697
1077	471
3815	3667
2557	4605
2100	3015
1712	2005
1721	4421
4372	1042
3467	4142
4142	2299
194	139
4298	124
28	3448
541	767
4054	1886
4474	3206
930	3103
3103	4130
1729	3624
1275	1586
5109	4474
5165	2019
1453	471
2844	471
1601	2037
2336	3591
3570	471
772	471
471	478
471	477
2658	4249
4335	4249
4249	2299
4249	3901
234	4249
3205	4249
3564	4249
4249	3467
3062	4358
4554	4249
1252	4358
4358	210
478	88
1076	88
204	2645
3570	88
4249	4401
4249	3716
4249	4893
3300	4249
2403	4249
3154	4249
4140	4249
3848	4249
978	4249
1355	4249
4249	3803
130	4249
4102	4249
1684	4249
4249	3031
1357	4249
1445	933
4294	3001
1252	4292
2425	4292
4292	3823
2495	4292
4292	4987
4292	2725
1744	3849
3583	4753
2484	3583
3583	3033
3865	3583
3779	3583
3583	3583
2545	3583
1612	1497
536	2569
5101	3666
2290	1612
3157	3156
5101	1645
4263	5036
2241	5153
1572	874
4294	2121
2691	5168
2691	2897
184	869
633	3147
4630	2135
4630	1359
476	3414
868	3414
4306	3991
3849	4306
3256	4390
4390	709
3414	4973
3414	973
1030	1984
1030	1645
1252	2592
3453	2592
1067	3285
1228	1668
2552	2915
245	486
3385	4424
4424	898
4424	1733
4424	3570
2553	2575
3809	3583
3809	3446
3809	2227
2676	1061
323	3656
210	2499
1996	2682
3789	358
4423	4973
898	1642
4061	420
3100	1401
3100	213
3100	830
3335	3100
4424	3100
3100	5153
3103	3100
2553	3100
2047	3100
3482	3100
1377	3100
2232	3100
2456	3100
3100	222
3100	4688
2485	3100
1435	3100
1012	3100
3100	2016
3100	318
2305	3100
3100	1513
1475	3100
3100	1440
3100	677
1688	3100
4193	3100
3100	2634
3100	3517
3100	4781
1763	3100
1223	3100
1627	1194
3541	4531
4682	2869
4932	3155
137	3100
2257	3100
526	3100
3100	1573
1139	837
294	4535
3961	2838
2838	2825
2838	2860
1460	2355
1645	1460
1460	1697
1927	596
1001	2509
2395	3990
292	2286
1766	1765
3282	1546
517	4913
1765	1767
3795	257
4725	3795
1013	1014
1940	1013
4089	3652
3652	4728
5170	273
4631	5126
302	3100
3100	4211
4554	3100
3100	741
3100	772
4568	3100
3100	2525
3100	3731
3905	3100
3100	4090
1252	3100
3100	2726
4323	3100
3876	3100
3100	4759
3865	3100
4520	3100
1693	3100
3100	893
3100	846
118	3100
3100	1483
1752	3100
3100	3446
3464	3100
3100	1228
3249	3100
3100	52
2582	3100
3100	2873
1226	3100
3100	4999
2318	3100
3478	3100
3100	3524
4515	3100
2134	3100
4669	3100
3100	4513
576	3100
3100	2619
3100	5058
3100	5162
4248	3100
3100	2333
1634	3100
3100	4047
3100	1161
1429	3100
3266	3100
3100	2494
3100	5188
3100	3753
3100	1281
3100	4704
4807	3100
2606	3100
3100	872
637	3100
3100	2281
3100	3850
2971	3100
3466	3100
1669	3100
337	547
4373	337
893	337
3603	337
337	397
3109	337
3402	337
337	1462
337	3320
129	337
1333	337
2381	337
337	177
337	1697
337	4258
3237	337
4658	337
3984	337
3206	337
337	5059
337	465
337	546
2664	337
337	1252
4243	337
337	4211
186	337
1080	337
337	3626
1989	337
337	241
399	337
1645	4880
4880	4932
4880	1231
956	4880
1056	4880
3092	4880
3753	2747
337	3210
4880	2953
4910	4880
4876	4880
4051	4880
3119	4880
4880	5118
4880	3239
1453	4880
5125	4880
4880	1257
1984	4880
2500	4880
4880	1054
4880	3995
1741	4880
4880	2476
1157	176
176	4253
939	176
1734	176
2196	176
176	4640
1012	176
1995	176
176	2436
146	176
400	176
176	1720
3950	176
176	4288
176	2531
176	3660
176	1943
176	2546
5171	176
176	5189
176	4140
176	4119
176	2630
176	3926
176	3985
176	1296
914	176
267	176
3027	176
1087	176
1473	176
3886	176
3739	176
176	265
176	1090
1820	176
1925	176
1110	176
176	4583
3279	176
4888	176
577	176
2859	176
2361	176
176	2080
176	3697
176	3039
552	176
176	3119
176	3462
45	176
1476	176
3113	176
5179	176
2371	176
415	176
1347	176
176	2695
599	176
5078	176
729	176
176	4404
176	925
176	3659
176	3321
3676	176
176	953
2855	176
508	176
176	80
176	4586
4271	176
1251	391
391	4946
4190	3232
1252	4190
2976	2036
1569	4877
4291	4877
3919	391
3841	5012
5012	286
1599	2206
3727	2184
3154	3508
4213	3154
1112	4305
917	5012
3889	4395
1934	662
4919	3788
591	4919
4854	5152
4079	3810
3661	376
617	2849
4888	2598
4754	2520
4624	3396
1366	4624
2629	1477
2714	2714
2743	2510
2629	238
4419	1063
1964	4905
4309	1614
4600	1014
4139	4807
3937	4641
4746	3770
2120	4737
1943	1628
5189	3931
115	2059
105	1872
2059	3033
2059	1997
184	4151
149	4488
2277	291
895	2356
4042	895
895	1044
5018	3260
4992	4474
610	4992
2068	2061
820	2061
887	2061
3021	2780
4755	905
818	4658
4704	4517
726	5108
726	4837
2370	3526
3440	3425
1645	2550
2550	2550
778	2921
5174	2077
3512	3665
3665	1822
5063	4021
2309	3401
1988	4950
3291	4454
2557	4454
2631	828
3006	4119
4140	2523
4294	3219
4444	3219
1643	4163
2573	1624
4162	4163
49	4163
405	4163
4163	5069
1391	3887
4643	4260
5188	55
2155	5188
4776	4776
5188	838
1840	3240
2521	3932
649	4815
649	3522
431	943
649	4350
1947	986
1146	763
2783	649
649	4270
2112	872
273	4295
673	1614
3477	4662
1828	301
3512	943
448	301
301	1518
1027	4946
4202	1027
1027	23
1027	1513
934	1204
934	3718
934	1645
4824	3886
4677	4658
4948	154
193	1645
193	4424
2538	2034
2211	4301
766	3327
4308	4295
3706	3557
3706	4430
3706	2956
3119	3706
3706	1486
3706	3721
2162	3706
3706	5162
1758	3706
689	3706
3706	1058
3556	3706
983	3706
2737	3706
2954	3706
3031	3706
3706	267
3706	760
4454	3706
3706	1445
3706	3899
3706	105
4232	3706
1214	3706
3706	978
3706	1888
4865	3706
1139	3706
3706	1095
3055	3706
2211	3706
3706	3828
4973	274
3706	3210
274	254
274	3716
4841	3706
2901	3706
3346	3706
1813	3706
917	2513
1780	274
1893	548
3792	1664
608	274
274	1889
274	3467
274	3901
3706	2476
3706	3614
3706	1585
3706	3467
1521	3706
3706	963
3706	3968
3706	4570
3706	1989
1436	3706
4947	3706
3706	3243
3706	4904
3706	507
5097	3706
3706	2896
1643	51
1453	1453
4384	2720
1892	2135
1437	582
4714	4714
4785	3210
940	2875
2093	2181
2093	1048
2093	2707
2669	2093
591	2093
2093	3716
216	2093
2093	3077
3996	1645
1645	816
1645	5110
1645	3092
1645	1645
1645	1756
3103	1645
5170	1645
4554	1645
1645	3659
4162	1645
4260	1645
2245	4787
5137	362
4268	1645
622	3368
1414	2093
3064	2093
2782	2093
2093	4612
1560	4379
35	2788
3323	637
4320	806
40	3092
967	3037
1302	40
4319	40
40	3919
4542	40
40	3466
4292	40
2093	933
3223	2093
2495	2093
1781	2093
4367	2093
2093	3031
2093	2998
2341	2093
2093	2096
4265	2093
4940	2093
408	2093
2093	3718
2093	5083
1585	2093
2093	374
4650	2655
785	967
4459	2426
5040	2773
3047	2419
1356	2426
190	3047
2422	3047
3508	4187
4213	3508
50	5082
2138	4944
40	2108
1257	40
40	4710
40	4736
40	3718
4110	40
40	2479
1807	40
3	40
40	4355
40	4262
40	3041
40	4956
3172	40
4451	40
1461	40
1390	40
40	5093
4650	40
4714	40
337	3850
3652	337
337	3601
3717	337
4085	337
337	1663
337	566
337	3583
337	1144
213	337
5165	337
337	4793
864	337
337	332
422	337
337	1117
337	704
1221	337
1338	337
337	4798
337	2784
1189	337
337	3092
337	4100
113	1922
757	1723
3839	5105
1233	4811
3779	3779
785	1876
3331	3624
2542	3738
337	2860
337	1512
3340	337
3685	337
337	1294
1107	337
3039	337
337	2296
3789	337
337	4047
337	1634
2190	337
262	337
337	5162
337	3700
337	5072
337	1212
3899	337
4971	337
337	4437
4643	337
3266	337
746	337
4992	337
337	2916
750	337
4897	337
337	837
337	3466
3552	337
809	337
4536	337
4903	337
442	337
3410	337
2810	337
3645	337
337	1624
4299	337
337	1271
650	337
2042	337
337	4765
337	3487
337	458
337	4525
3332	337
1823	337
337	28
337	1679
337	3785
337	2679
337	3556
4472	337
489	337
1846	337
496	337
337	361
337	3004
337	3188
337	1304
1982	337
337	1089
3031	337
5084	4301
3475	3092
1916	2013
5084	4499
4213	2405
2973	4213
4213	4609
5009	4213
3787	3475
2029	3475
4326	3475
3475	3412
1999	3475
390	3475
4509	3475
3475	569
1909	4848
1100	3369
5157	3369
246	4975
4541	1602
21	290
2356	2356
322	2356
4213	3462
4213	3620
4094	4213
4213	3683
4213	262
3985	4213
4371	153
4305	4371
2577	4969
3512	4969
1926	4969
2500	4969
3467	4301
4010	3794
1860	25
4969	1983
1453	1561
4926	1561
1561	3391
1561	2382
2754	118
3230	1141
3403	803
2491	3403
3475	2755
3475	1388
2074	4512
20	3475
3475	3033
3475	4221
1561	3475
4175	3475
3636	4301
60	1830
4301	5167
4301	3134
2645	1652
4512	1022
1533	4873
1643	1652
4946	1252
3503	2500
1364	1493
4739	1364
1150	2278
942	3977
2500	359
4524	4125
1400	229
1242	229
3396	3162
3996	229
2419	77
4490	3403
229	231
5108	3947
535	1036
195	3510
2326	4619
1777	1561
4860	927
2743	4680
4680	1990
4568	1215
1434	4040
1434	4765
650	5042
927	801
384	1364
723	1434
1434	766
1434	2385
953	4359
1645	1414
4995	3928
417	100
3689	100
4428	100
100	2593
2911	4368
2612	4368
4290	1972
4290	4290
747	678
4672	755
1645	755
755	4089
510	1164
1611	3425
446	1611
1758	634
827	1611
634	2331
3746	634
634	1903
634	4294
2394	2522
4305	2116
4433	4863
1305	2345
4844	122
973	2301
2046	1548
4287	1188
4032	2002
2002	4309
4755	2002
1761	2002
674	2002
2002	3334
2630	2002
2002	5046
3932	2002
2156	2002
2002	5163
3985	2002
1063	2002
2002	2241
2002	3027
2002	3538
2002	681
2002	4308
2002	320
2002	425
19	2002
2002	3686
675	2002
1518	2002
2002	3774
4665	2002
4827	2002
2002	4994
2002	1515
2002	3055
2002	262
2002	3032
2572	2002
2002	4630
3770	2002
3677	2002
2758	2002
292	2002
2002	1773
869	2002
3053	2002
5147	2002
4831	2002
2002	4932
2002	2523
2002	2674
1412	2002
2002	4350
2066	2002
2002	2359
732	2002
3961	2002
2002	2480
530	2002
2002	1453
2281	2002
2002	4908
2002	2542
3779	2002
2002	2827
211	2002
2002	3304
2002	3121
2002	2086
4962	2002
4158	2002
1776	2002
2002	218
4164	2002
2694	2002
4839	2002
1990	2002
2002	2294
3488	2002
2002	1809
2002	1909
5090	2002
2002	1350
5195	2002
2002	3184
3977	2002
2002	3871
276	2002
3043	2002
1531	2002
2130	2002
4300	2002
4160	2002
2002	4012
2002	4548
2002	5139
2002	1911
2002	4249
202	2002
3667	2002
2002	4543
2002	2238
2002	2565
2209	2002
2002	1788
4973	3687
3687	1708
2860	1446
2860	2825
3881	2002
335	2002
3339	2002
2191	2002
2002	4173
2002	1572
2002	3385
2002	4715
2687	2002
698	2002
2002	4637
2002	1760
2002	3935
2002	3951
2002	4523
2002	612
2165	2002
1548	2002
2002	2000
1688	2002
2002	216
3088	2002
3337	2002
2002	4375
4229	3642
120	3642
1274	3642
3642	5062
2675	3642
3642	1662
3642	1710
4035	3642
2072	3642
4089	4089
341	709
4050	341
3170	3642
214	3642
940	3642
4260	3642
3579	3390
3913	3680
3290	1623
4982	574
341	5190
341	2548
1906	341
341	2828
4586	262
1408	262
3907	262
405	262
2117	1556
1605	973
80	262
2636	1830
262	3625
262	1770
262	2203
932	262
4514	262
1992	262
2024	262
262	119
3416	262
41	262
262	199
3061	262
1562	262
262	1096
971	262
262	175
3890	262
189	262
262	4338
2218	262
4162	262
262	3257
2680	262
262	4836
262	1231
4973	262
262	1645
262	2550
262	3603
262	3704
262	125
3341	262
4266	3960
3809	3349
792	4554
2228	2568
1054	4465
3798	2442
99	2442
2442	2341
1074	2442
269	269
2556	288
1808	1252
1645	4367
5120	3922
3084	3391
3084	3033
3084	3074
3901	3084
553	1161
3510	5091
1415	1452
1544	3599
3323	3094
3094	2227
5106	3094
3094	4344
3094	4202
3094	4508
4318	3094
3094	597
3094	388
1063	3094
1786	1397
2575	4933
2358	3094
3094	2790
1351	2541
703	616
912	50
1708	1710
3648	3258
2919	3728
1937	703
1895	2331
5118	525
576	5118
2500	4341
882	3364
4973	5118
5118	1105
3727	5118
5118	2568
3483	1979
1979	2953
5118	2747
973	5118
3124	1645
5112	1235
4550	1235
1235	1980
3475	3060
1673	1176
2053	1499
4654	71
708	92
5003	3109
2568	4905
4905	358
2763	2666
2763	2778
1340	4386
937	5105
1399	4109
2806	632
1399	4335
4804	1399
3568	3512
2881	3477
631	632
1727	4440
2954	300
3901	300
300	2863
2744	300
4421	300
1278	300
300	1643
1645	300
2135	300
3092	300
4973	300
300	2355
4905	557
1054	4905
2584	903
3484	903
1776	5196
874	392
4728	216
4728	928
1980	4026
3654	1525
3152	835
2900	4724
3031	2864
3298	2864
2044	3905
2674	2535
3749	3277
2119	4280
153	300
300	3467
436	4117
3999	3875
2438	334
1456	2709
3467	3429
2115	2438
1194	3429
4078	3429
1172	2460
1337	1355
2619	2757
1184	5153
1645	4295
2757	3466
1252	1273
4292	4295
4721	1429
4721	2197
3465	4411
4721	2325
522	4411
3468	4411
4411	1456
3901	4411
4973	3355
3480	4108
1058	3355
3355	132
2125	1432
3355	3901
2081	1715
3467	1715
2710	5193
5193	3152
3383	913
3310	913
4519	3699
3000	1016
1391	3711
5162	3711
4393	4411
3851	187
2420	3186
630	4001
4001	944
2407	3142
1230	4928
5193	4718
2722	2666
2722	4589
2722	1403
2722	91
1138	5100
272	1594
1594	449
2656	2232
2722	874
2927	2722
3198	2722
3711	153
2722	3023
2722	2413
4663	2722
4850	2722
3642	3188
3642	1516
216	1052
3642	496
1074	3642
398	3642
4915	3642
3642	3929
1274	4074
4023	294
4851	4858
4477	4074
3104	1245
3104	2540
3097	3858
2070	1629
84	5074
2394	3169
1806	1611
3798	1806
3639	2241
3512	3639
320	2342
2554	3957
4646	2967
4381	863
3639	3510
3078	3639
741	4981
518	4912
62	4412
4796	741
3862	1003
2003	1135
4305	4736
1674	4736
4009	192
3722	772
772	4915
4130	4779
431	194
3680	3675
3564	2249
2251	2969
1806	616
1806	2844
2991	1806
1806	1645
309	2897
3580	2595
3196	3583
4301	2347
5074	1804
4018	2899
4183	2899
3834	3802
3731	3838
3731	973
3731	3924
5131	1875
1053	3670
3467	1645
3467	5093
3467	517
2165	309
3203	309
309	4424
309	2849
309	3533
1645	309
309	2844
145	309
309	4884
309	4667
2915	309
309	3571
3467	309
3391	309
309	2576
572	309
3777	4294
1364	3777
2488	3777
3777	2754
3777	4621
4719	3777
3777	34
1726	3777
3054	4517
1027	36
1171	3777
3777	5011
3777	278
3777	1320
3777	4805
3777	2192
3777	4492
3883	3777
2858	3777
4783	3777
2953	3777
477	3777
3777	5067
1049	3777
3777	3467
1585	3777
1491	3777
2328	3777
3179	3777
3777	4836
3777	4570
3777	1644
2619	3777
3311	3777
3666	3777
2813	3777
3777	778
3777	2058
3777	3219
5093	3777
3787	3777
3777	571
3205	3777
4802	3777
3777	2144
983	3777
1208	3777
1298	3777
4631	3777
850	3777
1535	3777
2541	3777
1645	1419
3565	1419
4849	3777
2066	4872
138	3777
1899	3777
4309	3777
4650	3777
3777	3058
3777	2324
800	3777
869	3777
1811	159
159	3364
1126	3361
1940	1014
260	159
2915	159
159	3917
159	1722
2567	3984
3905	4295
3905	5045
1645	1792
4301	3251
2102	2424
2960	1937
1937	3944
5178	5129
281	2476
2726	963
5129	2645
1788	1792
1792	1402
3467	2476
1156	3779
380	1457
4301	2362
497	562
1309	1542
5196	4476
2726	3337
2707	408
709	408
1253	88
5058	1202
2614	1253
3478	1253
263	1253
5158	1253
5178	5145
1445	776
3822	3425
1051	2132
3512	3510
973	4748
4920	4210
4210	1556
1202	2531
252	2232
4155	346
4155	1023
4155	3510
1853	2160
3705	2160
2160	4513
1896	3048
1673	2132
1517	2276
1469	2276
608	2276
2276	1362
4086	2270
3134	2200
2482	4155
734	4155
451	309
4693	309
3447	5047
2326	5047
5047	4764
4351	5047
4279	5047
5047	2721
1919	5047
1946	5047
5051	5047
5047	4387
5047	4243
1992	5047
5047	5132
4658	5047
5047	748
1292	5047
5047	924
5047	1096
5047	3257
251	5047
5047	3908
5047	4135
5159	5047
2109	5047
5047	680
4432	5047
1717	5047
3303	5047
453	5047
5047	3982
5047	835
4710	4710
2913	5047
5047	760
982	4556
763	3454
4710	2502
3288	3364
2494	4254
4512	249
4762	4161
2619	2329
2885	3582
5109	2783
2816	123
123	1935
2298	1835
3682	2878
1645	345
345	5158
2917	5028
2525	4232
2525	3287
5064	3512
1203	3815
3853	1629
1059	563
1059	299
2993	1977
4301	1977
4526	1246
4478	796
3731	2002
2002	1285
2002	1574
3118	2002
2002	3405
3110	2002
31	2002
2668	2002
2002	2732
1252	2002
1972	2002
2009	2002
172	2002
2346	2002
4985	2002
2002	1202
2002	275
1096	2002
2002	5184
2002	207
3975	2002
924	2002
5120	2002
797	2002
139	2002
4953	2002
2002	2863
2002	4506
2002	2224
2153	2002
4461	2002
2002	3102
2002	4905
2002	4133
2002	1500
290	2002
39	2002
2002	2475
2483	2002
632	2002
2002	1611
2002	1071
1414	2002
2002	2855
535	2002
2002	4764
4946	2002
2002	2073
3369	2002
2002	3621
2002	2775
313	2002
952	2002
2002	1133
2002	2842
2271	2002
3963	2002
2002	2079
3241	2002
2002	4289
2002	4224
2002	1875
192	2002
3520	2002
2002	3991
2002	2883
3410	2002
2002	3400
4778	3042
2002	3042
4065	2002
3509	2002
114	2002
2428	2002
4734	2002
851	2002
2002	5092
2002	4487
2002	2042
4388	2002
2002	3188
2002	4433
3119	2002
1857	2002
2212	2002
2002	96
2002	3164
4430	2002
3522	2002
2002	3139
2002	3340
2002	3252
2290	2002
2002	2162
3020	2002
2536	2002
2002	4263
2002	841
2736	2002
2002	2915
2002	646
432	2002
3624	2002
3842	2002
2002	603
1721	2002
2002	1686
4370	2002
4520	2002
2002	5159
250	2002
2002	601
1407	2002
2385	2002
2299	2002
2002	3109
2002	3170
2002	3917
2002	2444
4956	2002
1298	2002
2002	527
398	2002
1497	2002
857	2002
4676	2002
2002	1733
2002	1520
3921	260
2915	3921
875	3921
3921	2484
153	685
47	3921
1735	2500
1202	1735
1122	3921
4693	3921
2545	3921
967	3921
3921	288
3921	3831
3917	3921
3921	1024
317	3923
5186	908
4566	3689
153	4902
1588	2957
2957	3808
4919	115
374	397
1428	253
2271	4517
35	3092
35	4433
35	2435
139	35
4965	2567
424	4947
1231	616
1221	616
616	1032
1056	616
4350	616
616	5170
616	3074
616	3501
2147	3565
813	1156
796	36
36	1777
3092	616
616	2135
4542	4694
2976	731
2316	616
616	783
616	4554
1777	616
1930	4062
729	2580
5169	616
960	1936
2759	616
3789	616
1645	616
4219	616
3391	616
3979	616
2442	616
616	1422
2002	715
2289	2002
1279	2002
1841	2002
1301	2002
2002	2395
2832	2002
223	2002
660	5168
2972	3039
3298	4723
960	4723
246	2345
1085	246
4751	3955
708	246
2002	1200
2716	2002
3359	2002
3875	2002
4023	2002
1035	2002
4841	2002
2002	1646
2666	2002
3913	2002
2002	2771
2002	3104
2002	2032
2078	2002
3885	2002
2002	4369
246	4441
246	4139
246	2284
5173	246
3658	246
1704	246
1300	246
246	1688
246	4007
246	4613
1957	246
246	2780
3092	4719
374	153
252	374
374	139
302	246
3921	246
246	3196
4224	246
3238	246
3227	246
4981	246
4464	246
246	1697
2915	246
246	542
848	246
246	1630
173	246
246	2100
246	1886
3181	1887
166	3181
3254	4938
871	3181
2073	4146
1141	4892
4146	1643
391	4146
3510	2474
3869	3804
3583	2530
3719	1730
933	3426
3426	1692
3426	3767
3414	3426
3181	924
41	3181
1132	3181
3395	3181
2845	3181
3181	3763
2749	3181
3181	794
3181	3890
3181	147
4553	3181
3181	3623
2792	3181
1098	3181
3181	2556
3181	1108
696	3181
4279	3181
3181	1500
3181	3676
3181	2914
3181	2199
3181	3659
1897	3181
2554	3181
1077	3181
819	3181
3574	3181
1106	3181
3181	3178
3526	3181
3181	5070
2887	3874
3035	2887
5166	1393
2227	3827
1288	1111
3230	4095
1671	3752
1288	5164
1408	3181
4272	3181
3181	5107
4731	3181
1257	3181
3181	3971
3181	2846
3181	85
1416	1991
1340	1991
4682	1991
1645	1991
2432	1991
1991	3538
4919	1991
1991	2550
1991	1969
1991	3861
4973	1991
1075	1991
1991	2572
3953	1991
2351	1991
2702	1991
432	1991
1991	1697
1991	118
1074	1991
2731	1991
3158	1991
1991	2699
1991	4305
3384	1991
469	1991
1991	2777
3265	1991
3509	1991
1991	1376
1991	4495
1991	2513
3547	1991
1991	3467
43	1991
1991	2967
65	1991
2906	1991
1937	1991
2203	1991
1991	3657
1991	3876
3550	1991
2276	1991
1991	4195
1991	562
1252	1991
1991	1156
2227	1991
4212	1991
4648	3767
4507	978
4648	4648
4648	2582
157	1010
4648	2382
1991	186
1991	3369
2394	1991
1991	4238
4612	1991
1080	1991
1991	1008
1991	1257
171	4947
3236	171
2420	1102
4766	2420
2420	5189
4670	2420
1731	5004
5004	4562
554	4052
330	3313
3404	330
2651	4095
4095	1999
1397	188
188	3654
4422	2521
1138	61
465	478
4506	854
2985	4031
1802	2787
4385	4506
4751	2183
2684	5118
1908	3657
3657	3904
1244	3164
3657	1853
9	3797
770	4553
147	1180
318	9
3298	2935
4118	2935
3184	2589
1561	2935
961	1679
3657	1989
3196	961
961	4573
4323	2371
4323	1478
2359	1219
2560	4766
3922	627
2589	5162
2285	627
374	627
1507	1497
1258	4399
429	3876
2484	2484
1219	2844
4771	3955
2104	1645
2021	139
666	2500
4251	888
4251	5152
4572	1988
1927	2484
4719	2484
4191	692
3318	4191
3583	1393
752	1393
4288	1393
3919	1393
2589	1393
1393	4504
117	1393
4712	1393
1937	1393
1393	4588
1393	3505
1393	1201
4262	4262
740	1393
1133	1393
932	1393
25	684
3543	2287
1782	2872
2452	259
472	3585
625	1545
4152	4152
1128	129
163	217
4973	217
217	2135
1032	217
2764	217
217	3689
3501	217
217	1164
1045	3493
4554	217
4926	2224
231	1416
2713	2714
2713	4973
1662	2713
2713	4242
3467	2713
2713	2713
4165	2283
4646	4649
1741	1075
5013	1741
1921	1741
1645	1741
3478	1741
1801	378
165	3339
165	1732
3594	2261
1771	3678
1771	1802
1743	1617
2425	5022
615	2425
4107	4085
3728	545
545	4608
1086	3805
4900	1086
1086	2709
4023	706
706	1040
2189	706
3698	706
1200	706
5076	706
706	1640
706	4272
4957	706
706	4488
706	1715
706	4186
706	1570
4086	706
894	706
706	4435
706	3398
706	374
706	747
180	706
754	706
4412	706
706	1655
706	1133
3564	706
1109	706
706	3458
2342	706
3196	706
1954	706
4322	706
3136	706
3171	3269
3469	3171
3755	1132
3171	3770
4521	4225
1353	4521
4521	3316
4521	1180
5120	4899
4079	1217
5166	4570
2495	5120
3655	4570
4570	3231
1094	4790
933	4777
4790	690
4180	4930
2567	3186
707	2567
2567	2264
2567	5189
2495	2567
4375	2567
1128	1023
2713	2622
2622	650
2709	4400
3437	706
706	1256
706	3358
706	3734
706	1768
706	2357
706	2332
706	3615
706	4223
3246	706
706	4164
5001	706
3481	706
1637	706
1683	706
706	3470
3316	706
706	3214
706	3177
1573	706
706	2011
4473	4820
706	15
706	850
5013	706
3385	706
706	8
2789	706
2744	4718
1708	1707
2739	3310
3031	2744
1209	4906
3391	3391
4473	3231
3328	1209
1542	706
1971	706
4043	706
4812	706
3254	706
1492	706
706	923
706	1156
706	2381
706	2087
706	3883
1372	706
706	706
2709	706
330	706
961	706
2953	706
3704	706
706	3764
4635	706
2624	706
3968	706
4150	706
646	706
4094	706
706	1905
5018	706
2421	706
609	706
500	706
1543	706
4999	706
3550	3333
3313	3550
3550	3588
789	3550
3550	3982
620	3550
3550	1074
3550	426
3550	3835
684	3550
2278	3550
3550	231
4895	3550
3550	3771
3521	3550
3531	3550
1634	3550
3550	166
5091	3550
4483	3550
3550	4704
3550	3538
1317	3550
2505	3550
3550	3512
3550	2913
3550	5023
3550	25
3550	2022
3550	2522
3550	4431
3550	1079
2479	4209
653	1096
3576	4048
275	2921
1193	4123
1164	1193
3912	4967
1530	3912
1937	4110
1658	2135
3735	4276
4276	4560
5021	875
875	2921
4562	875
3525	2479
4268	3550
1411	3550
3550	4239
4967	3550
3467	3550
43	3550
3276	3550
2331	3550
2279	4130
1937	3061
2278	2669
2278	2218
592	3550
3550	2610
1080	3550
3550	2295
3550	3214
3550	3422
3550	3740
921	3550
2020	3550
2165	3550
3550	2917
3550	4127
2700	3550
3575	3550
3550	1075
3716	3550
1700	3550
1680	3550
3550	3184
1740	3550
3171	4104
3171	1567
2390	3847
131	3847
3847	706
4498	4340
4200	348
3470	4200
4200	1491
3401	2328
3975	742
1811	517
3583	1648
1803	4235
136	3550
3550	1880
3550	369
3550	433
930	3550
3550	1663
3550	2406
2703	3550
3550	44
3878	3550
2155	3550
4088	3550
4897	3550
3550	1218
3550	176
3176	3550
3550	3466
2961	3550
3550	3616
4253	3550
76	3550
3074	3550
3550	898
4201	3550
3550	2274
77	3550
4546	3550
204	3550
581	3550
3550	1142
3550	4012
1762	3550
2393	3550
3732	3550
3840	1376
2190	1717
4777	2601
2571	2708
2652	689
3791	3509
4078	3850
4826	4115
2221	1054
300	2221
3092	2221
823	2221
209	2398
4040	4399
3148	2083
1174	3991
3092	3826
919	3826
3826	2645
931	3826
3183	3826
3826	3503
3826	3862
4319	3826
3510	4830
3512	4830
1624	4301
3074	1624
2189	4900
242	1554
68	4108
1727	4830
3256	536
3570	4451
4307	1753
969	3287
780	305
4942	1754
2585	3583
3512	2585
2429	4327
1859	1987
1376	4366
2351	1398
292	1398
1398	3512
524	1284
476	3113
1849	4814
4814	4924
3296	4814
4814	1396
1251	4898
4814	747
1626	4257
1598	421
642	4326
599	4301
4814	203
1957	4814
2876	4814
4814	1037
4814	2712
4814	4976
937	2998
816	2501
4525	4600
4525	4225
4525	4870
3989	4525
3228	3487
3487	2839
4130	1344
1453	3911
651	890
165	3940
4999	1494
4999	4999
4648	4511
2573	4999
4327	2512
4327	1033
5075	4327
4327	3971
4327	3676
3277	4327
185	4327
5037	4327
4327	3321
4440	4327
4327	4585
710	4327
4327	2203
3305	3460
3904	4247
3565	1208
4402	1225
3425	1467
2322	1846
489	1632
153	5043
4304	920
3590	2331
4018	4886
4070	3890
4688	1571
4301	4875
3778	4619
3767	2513
2513	1645
3136	2513
4070	4782
2456	4511
891	847
4511	2340
4511	2351
2878	2806
4517	2806
3713	1478
619	4758
1571	3891
4782	3891
2806	448
3891	1579
2038	3735
2038	2037
3000	528
528	4111
2341	4301
4009	3507
1478	984
2785	1148
973	4106
861	3811
3545	4761
4559	4761
3525	1334
3554	3525
3085	3525
1645	4066
3525	232
1384	3525
4203	3525
3360	3525
2301	3525
3525	1080
4882	3525
3525	4777
2216	1816
2848	3033
5038	3525
3525	673
5080	608
2036	608
3541	3463
608	4695
5050	5050
969	1682
608	143
608	895
3826	4239
3826	4554
4872	3826
2914	3826
995	3826
56	3826
3064	3826
3826	241
3826	2677
4301	3826
3317	3826
3826	2745
3826	1456
3826	4238
1164	4884
257	3826
3233	2503
4651	111
2166	2752
877	790
1169	877
877	4261
877	3404
624	877
772	877
56	877
1609	2037
1609	1476
1609	3119
1489	1317
1468	4108
2340	2340
3826	3333
3352	3826
3113	3826
3826	1208
3826	2503
3826	3742
3826	1871
3826	2212
3826	3521
3826	2695
250	3826
3826	601
1693	3826
3527	3826
5086	3826
3826	3506
377	3826
139	3826
3826	4095
4170	3826
2673	3826
3826	981
4355	3826
793	3826
3826	1984
3826	5059
198	3826
3227	3826
3826	3510
504	3826
3436	3826
2680	3826
1382	3826
3826	987
5173	3826
222	3826
1966	3826
3826	3833
1969	3826
3826	1164
4203	3826
190	3826
3826	3371
2035	3826
3826	3129
3826	4249
2577	3826
1669	3826
3067	3826
2575	3826
3826	4266
3826	4094
778	3826
3826	2909
3826	4574
3826	628
346	3826
3826	1403
232	3826
3159	3826
3826	4417
3826	361
3826	911
3220	3826
480	2241
4130	480
4126	848
3640	2173
2006	1483
765	3512
5135	1225
4956	1105
2285	2526
3917	3779
3917	198
1972	3236
2043	3469
4697	3716
2444	2165
1178	480
397	3378
405	3218
3033	397
397	1849
2526	2705
3917	205
2526	3241
2526	4875
2864	3931
3518	3931
1576	3121
1555	4038
4301	3205
1576	3512
4130	74
526	2984
4496	3765
3765	4211
1359	1062
1359	898
4718	766
4015	4089
3422	705
753	3580
3771	4679
3771	932
1530	3771
3771	252
215	1870
3716	1359
4294	3771
153	3771
397	3771
3462	3771
3771	3039
2619	3771
3771	2912
3771	3823
1015	3771
3771	3865
3771	1836
3771	2232
1732	3771
3771	2654
1634	3771
5018	3771
1254	3771
3771	2561
4813	2849
2611	3771
4193	3771
3771	704
3711	4206
3914	4185
382	2242
3576	854
836	4206
4362	4206
4206	3901
3467	4206
2101	4439
3530	4294
4206	3138
396	4206
3175	3298
5121	2970
2101	967
3175	1903
1407	1999
2227	1422
1565	1260
1407	5165
4340	107
2258	739
341	1422
1422	139
2365	1271
2006	1827
1043	23
141	898
4149	43
1830	1477
767	1422
3467	767
751	3787
3349	3446
4301	3787
3711	3787
3391	3787
3787	2967
3787	1645
3787	3901
3787	4987
3787	3583
379	2711
2135	3787
2711	4454
2711	3038
2711	2135
1902	4333
2762	2117
4486	2762
2780	2762
4763	4589
2564	4589
2828	4676
1421	4018
2784	1265
2128	4301
1633	1521
3859	201
1682	2214
3501	87
432	2563
973	5024
87	1164
1656	4265
3716	5024
1551	3992
3062	1647
1991	2648
1991	4933
677	1991
1991	203
1076	1991
2332	1991
973	1991
1991	3846
2953	1880
526	2953
3662	2953
2953	394
1482	2953
2649	2953
2953	4571
2953	2805
5179	2953
2797	2953
2953	1023
2953	5120
2953	3467
1989	2953
2953	180
4602	225
387	680
387	1645
3583	387
4973	387
601	3512
1693	4571
651	1693
1585	387
2915	3917
5065	4089
3248	5065
5065	5108
1844	2953
2953	135
1918	5065
4350	1918
3748	3603
534	3571
623	623
1929	3603
5127	534
5114	4465
3149	3779
4437	1842
1983	4504
4504	3779
5114	215
4636	4870
4048	3126
3599	1131
3857	3839
2029	1684
1453	597
139	565
200	3119
597	3467
111	2735
1397	3113
514	4267
111	3031
758	1318
232	2310
717	623
485	1812
1561	224
4962	2435
2181	2310
2352	2264
2411	1295
416	4763
3016	4292
3016	3016
1049	2844
5158	1049
932	1049
3092	4717
5028	1721
3074	1146
1146	197
67	3408
1643	1413
5058	1413
3790	963
3764	3146
4237	2767
3585	4294
3585	1984
3585	2200
3585	3865
478	3585
3585	5058
3585	3789
1326	1049
1049	3124
5040	1049
1645	1049
1643	1049
1537	1049
5013	1049
1638	1049
700	1105
1635	700
2777	4802
700	4009
2555	3082
5004	2555
3996	2194
4752	2194
3585	930
1645	3585
3585	5013
3585	4424
1249	3510
1745	3585
4101	700
3512	1249
1566	2061
889	1566
3217	2232
4778	2337
2232	3212
3215	2232
3207	2232
2232	3206
4712	4269
4245	4712
1629	4711
771	4712
4711	4269
4245	4711
887	1566
4711	771
3597	1629
3597	40
3597	4245
4269	3597
771	3597
3597	3972
1629	4712
4712	40
4247	3100
979	3100
771	3100
3100	224
3100	3972
2037	3100
1796	3597
4712	3597
3100	3745
3100	1793
3100	1794
3100	3327
3100	3475
3476	3100
3100	4712
3100	1332
3060	3100
2619	1793
3135	2619
2619	3972
3100	2871
997	3100
3771	3100
1796	3100
2619	1130
4247	2619
3033	2619
2619	3475
2619	4179
2619	1001
979	2619
2619	771
2619	3084
2619	239
4342	2619
2871	2619
948	2619
2619	3476
2619	4712
1332	2619
3130	2619
1793	3585
2619	1796
2619	3060
3585	4247
3585	3475
3585	3972
771	3585
3585	4712
3585	3084
3585	3033
3476	3585
3060	3585
3585	2329
3327	3585
2871	3585
3570	3475
4247	3570
3570	771
3570	3972
3570	4712
3570	40
3476	3570
3033	3570
1796	3570
3570	2031
1793	3570
3570	3084
3564	4306
3564	867
3570	2329
3570	3060
3564	2037
3564	1601
3564	4648
771	3564
3564	1130
3564	4245
3475	3564
40	3564
4712	3564
3084	3564
1796	3564
3564	3060
2329	3564
3100	3597
3514	3564
3564	4179
3476	3564
3564	3033
2660	1391
3564	293
2660	130
2660	3052
2660	5012
2660	1119
1997	2038
90	2660
2064	1997
1997	2037
1355	943
1773	1064
1967	968
2036	943
2038	1352
1987	2255
1987	947
949	1987
1987	4218
2255	4218
947	2255
2255	949
4257	4218
445	4727
445	4708
1967	2065
2065	1969
2065	943
1967	1773
943	1773
1547	1450
1547	3609
2832	2908
4794	2832
2000	2087
2832	2830
3724	1193
2087	3724
3046	4851
57	1522
4580	1576
4858	3046
2036	4580
4794	4580
1352	2037
1352	4580
2167	2257
778	2167
2289	2167
2289	2257
1402	4605
4630	1402
2289	778
1402	4516
2697	2706
70	2983
4522	1402
2707	1402
1450	1549
3609	1549
3351	2983
701	2992
867	482
842	2891
842	4193
2429	4766
2481	3690
1570	1570
1570	4772
3237	2337
3071	4528
2714	3565
594	3690
3690	1411
2257	778
3208	4146
484	4528
4528	1479
4397	2459
4398	4415
4397	4415
1235	4398
4272	1632
3077	3077
4415	3972
4398	2459
2098	2199
2589	3048
3048	3048
2589	3044
4398	1236
4398	1237
2521	4398
4433	4398
4615	3026
3026	4614
4615	4614
1507	4615
2300	1559
258	2862
2300	4578
4579	2300
312	4472
3079	3954
305	4472
1313	314
3048	3076
1037	4766
3048	4472
309	3048
3430	536
536	3370
4615	3432
3432	536
4409	150
3133	3432
3432	2645
2645	3435
4044	258
258	1422
1608	958
958	1731
259	958
1231	958
2068	2460
258	958
2699	3425
2817	3425
3425	2819
4628	536
2227	721
2227	2068
2164	4615
2866	2164
2645	2645
1268	2645
3714	2209
3714	2746
4614	3580
3581	4614
3298	3581
3581	3581
1645	3714
1566	1645
2862	4169
854	2984
1559	1645
1645	3435
3432	1645
2645	1645
3691	4096
4096	382
4332	4096
4096	1400
4096	3587
3094	3691
3094	3095
3095	3691
721	4953
4615	4953
1507	4954
4953	2076
4266	1608
1268	2164
721	637
4324	637
356	4615
2227	355
355	356
356	4614
4615	482
721	4954
1268	355
2267	482
1821	4096
430	4096
4096	2449
1807	4096
624	4096
4096	351
4096	3230
4096	3908
2864	3430
3425	2864
4096	926
5107	4096
4096	1184
4176	4096
4157	4096
2570	4096
1136	4096
3067	4096
3796	4096
4926	4096
4096	1036
4096	2569
5165	4096
4096	5144
4520	4096
4096	3357
1361	4096
4956	4096
3518	4096
1168	4096
4096	642
4096	3195
1566	1344
1775	1344
1479	3872
4534	824
4534	3604
4716	5093
5144	687
4904	4866
3298	354
482	3298
3301	1062
2098	1062
1570	4175
3604	824
3619	368
368	3616
2655	2788
3435	355
3432	2788
218	2788
2814	3432
3432	3118
3048	4264
3432	4093
4668	150
150	2813
3610	150
3795	150
3730	2783
3730	3426
3730	3255
382	3730
2536	1030
1030	1981
1030	4773
2536	2536
2865	518
1940	2865
2370	4465
518	4416
5131	1134
1775	1134
4392	1775
1134	2865
4356	2865
4732	2213
1775	2865
5131	2865
1963	1154
1195	721
1196	721
1236	1237
442	744
2727	2727
349	2076
2222	1154
225	1645
1638	225
161	744
2087	161
1981	4773
4416	4773
2536	4773
1202	1641
3264	3264
4615	3264
2153	3264
3264	308
1941	3729
1941	1941
3263	4615
3261	4615
3063	3730
3365	3237
3730	4778
4778	957
2888	3237
3368	2888
3262	3365
2888	3262
916	913
2154	1413
2154	676
1167	676
2188	2161
2188	3299
913	721
913	913
4414	5093
5093	281
2166	2188
2164	2188
1152	1151
3261	3265
5093	3325
5093	4420
2296	2974
3839	2536
1854	2003
1854	183
3938	2080
256	2080
2065	2080
2560	2080
2080	593
1536	2080
2080	4117
2640	2080
2080	540
2080	4829
2080	819
167	2080
469	3564
2080	4034
4988	4751
4247	2991
3644	4751
2448	4751
4751	3051
2521	4751
4751	1278
128	4751
2862	4751
4751	468
2545	4751
2351	4751
484	5112
4751	1572
1840	2874
4242	2714
2295	409
1717	4774
1403	1645
3583	1403
1719	1643
2524	1125
3243	2439
3256	2439
911	1111
956	2956
3503	346
4959	4301
1619	4242
2165	3386
1174	1174
3235	4065
3492	3153
1007	2381
4609	1481
5180	2217
4801	471
4959	2792
808	231
3661	2454
2454	3166
45	2197
5045	3972
3191	3688
3634	4973
2681	3634
2917	4882
4890	4259
891	4632
1722	1645
2062	2784
5021	4305
28	5172
4651	998
1767	2212
2734	3583
2734	3716
5058	3478
4089	2954
3298	2954
3583	2954
3529	1645
910	3189
1587	910
910	4436
910	1014
1455	2603
3478	1645
910	5053
1675	910
2318	5182
2575	1982
1719	819
4860	4758
3095	3897
910	125
4301	3916
2048	156
3265	1666
1275	1666
1729	1666
1666	1978
150	1666
354	1666
1666	517
629	1666
3657	1666
3488	2229
1666	482
2484	1666
354	2229
2172	3826
2229	3095
2229	1268
3826	1881
1024	3826
3826	5188
3677	3826
517	3826
3826	3786
3826	3103
3826	4723
3692	3826
2530	3826
564	3826
3826	1608
3232	3826
3826	2862
3826	594
3690	3826
3692	1699
3692	1665
2945	3692
3692	958
3692	3692
3692	482
3692	354
3690	1293
3690	3889
3690	2657
1176	3690
1699	3690
3690	1665
3690	2945
3690	958
3690	3692
3690	2363
3690	482
3991	594
3690	354
594	139
594	3956
594	1162
2864	594
3298	2363
594	3298
3298	4550
3298	1421
1666	4773
1666	3187
774	1666
4054	1666
2453	899
3409	825
899	5191
4336	899
2175	1666
4336	2453
4309	3115
1666	4025
3002	594
594	3005
1699	1775
1731	594
1575	1775
1775	2868
1325	1775
1775	1566
879	2076
879	3432
867	687
4330	1365
1441	1450
1476	3025
594	1009
594	594
3362	625
1674	4899
1667	1669
3515	1653
2212	1676
1672	3190
1672	3370
304	1672
1299	4954
2363	4134
3442	2363
94	2363
3103	4954
4954	1166
4954	1138
3298	4954
2363	3692
440	2363
594	2363
2363	4734
2363	758
1268	2363
517	2363
2862	2363
150	2363
2363	2966
1009	4377
4346	1009
4169	4310
4829	2363
3348	1009
4142	4169
1558	4169
2945	3826
479	1009
1666	2791
3949	1666
2484	784
1962	1666
4234	767
2203	2337
1083	2337
3429	1083
1083	3969
5044	4661
173	5044
173	4661
76	3386
1165	3278
1165	1165
3549	3550
3549	4595
5055	3130
3730	3730
2354	4709
4704	2354
3963	4465
3963	4364
2193	76
3422	3970
3963	2284
641	3963
4416	3963
3467	3963
4282	2203
4282	2895
2895	1083
1083	2203
2193	2895
76	1082
4282	76
2203	2895
3365	304
3254	4738
3869	4712
4711	3869
4908	3597
3869	3597
3972	40
40	4245
3361	583
3361	1453
3361	3254
4921	3361
3369	4239
3369	310
3237	3254
3237	4921
2955	2786
2786	4796
1014	4796
4796	1705
4796	2955
1014	2955
1013	2955
3549	4605
1402	1410
1402	1394
1410	4525
1410	1394
2770	1449
2771	1449
4921	4796
4921	2955
2037	2908
2908	2038
4605	4595
4116	2895
3559	2895
4116	2193
4116	1413
3559	3559
3559	4597
76	4597
4597	2895
4597	2203
4116	4597
1413	4595
2193	4595
2203	4595
3224	3224
3224	4595
4423	4423
3224	4423
4716	2222
2406	4016
173	2153
3490	4716
5056	173
173	3264
2059	4794
1997	4794
4794	2037
2038	4794
2059	2908
2908	1997
1644	1414
1644	1198
1644	1874
1644	2063
1314	1644
1644	1550
1644	2921
1644	3266
3963	3016
4568	3963
3963	3422
3963	2696
935	3963
873	3963
3963	4151
2893	3963
4595	3550
4595	4597
4595	2895
4595	4116
2193	4597
4605	2895
2203	4605
4605	2193
4597	1482
1449	3342
1449	4605
4595	1449
4697	3471
1482	2657
1482	3342
1482	4605
3378	3376
4848	3342
2889	3770
376	1953
3490	916
2222	916
943	2667
4203	4203
4987	3503
3505	4987
1773	1610
1773	1066
2667	2065
2065	1064
1064	3283
2822	1064
3116	4340
3116	478
1575	3116
3116	4456
3707	3116
3116	3736
3116	1864
3262	3116
2104	3116
3116	3517
4861	3721
3345	3345
2885	3194
3194	95
445	449
3194	2883
1799	1705
4864	2152
2696	1931
1931	2803
702	5103
4566	958
2152	3423
2152	702
947	2760
4180	3897
958	4514
2760	948
3044	759
2593	3116
1610	1066
446	443
1806	4458
4458	667
868	667
7	1050
2955	2088
259	2955
2908	4794
2065	1610
1047	4630
1032	4626
4626	1047
2955	1705
2697	1931
2337	1931
993	991
4630	1032
80	84
311	84
311	70
311	56
882	893
882	4579
967	1969
80	311
5066	5062
5066	511
5057	5066
5065	5066
3891	4889
3064	1776
5068	1416
178	1863
37	37
3902	893
437	4441
437	37
3532	1610
744	1610
1559	893
3293	1773
3959	4579
3959	967
893	967
2036	893
1478	1252
3259	1252
3382	3959
3714	3902
54	3564
2476	2471
2706	1464
1595	54
3838	4097
1464	3838
4064	3838
687	3838
744	1064
1610	1064
1969	1967
1821	1820
1773	1969
2502	1967
2477	2471
2476	2477
4359	4341
1450	231
231	231
5068	231
1332	4648
1298	4482
1298	4468
4482	4468
4064	2706
4097	4064
4064	687
3838	2706
3838	4749
2706	4749
2882	2922
4342	4359
3956	3956
1974	4283
3287	3956
3287	2765
3287	2823
3287	2794
2765	2823
2794	3956
5176	4864
5176	2339
4864	1583
4864	2339
181	991
4787	4864
1974	1200
2104	181
2255	3300
1720	1612
2354	4568
2150	2354
2386	2412
2386	2409
2884	2884
1660	2884
4810	4856
791	4810
3730	3550
2153	2153
226	4761
5167	5161
2458	4689
4689	2986
4067	4169
1382	4067
4067	2481
4067	2467
4810	2133
4858	4810
4855	4810
4810	4851
4472	1312
1705	4667
2955	4667
4528	4528
687	4169
2038	2064
2064	2037
1312	309
4635	4632
1235	4433
3073	3125
1202	687
2895	1413
2214	3712
1235	1235
76	1413
152	4326
3068	3073
1693	1939
1772	2337
2988	3073
3073	3126
3073	2448
3073	2976
3044	2365
3044	2054
2054	3926
2054	2852
2906	539
2906	1289
3044	2852
2365	2054
3075	3075
2906	3075
1289	1289
3075	1289
3299	2164
3299	2166
4487	3869
2161	3299
1202	1253
1137	1202
2161	2164
2166	2161
1703	3215
3215	2898
2865	3215
3215	1775
4407	3215
3215	1788
1792	3215
3215	4400
2865	3204
3204	1775
3213	3215
924	3215
3204	1703
1780	3204
5131	3204
3204	4400
1792	3204
3207	3204
3204	895
153	2898
3217	3207
1773	2065
991	476
991	474
5190	2076
2028	788
788	4265
788	2036
442	943
2028	2036
2350	1200
1200	3147
2582	395
2582	2271
2178	474
2178	991
3014	3473
1979	3473
3651	169
2994	3473
166	3651
3651	170
3956	2823
2823	2794
3434	4096
4096	2214
826	4096
4096	3484
2313	4096
4096	3095
4096	3690
4096	2187
4096	3258
918	4096
3090	4096
1660	4096
3864	4482
4020	2918
2772	4096
4096	1390
824	1407
4020	865
4020	3373
4020	4855
393	1200
3324	1200
1200	671
871	915
461	1772
461	5088
2423	461
3836	461
4221	461
461	4044
5163	461
1410	461
6	578
578	16
578	1403
578	1454
578	3853
2033	578
2039	578
578	2041
578	2042
3630	578
1855	578
4348	544
4428	4348
4408	4348
1305	4348
287	2349
2340	2349
1149	2349
2286	2349
3718	2349
2196	2702
2890	2349
3923	800
1	2702
3078	4598
2204	4598
4598	1278
4598	2012
1716	4598
4598	2319
3473	4598
1297	4598
1952	1570
4456	3825
145	1570
1570	5079
5093	3490
3490	338
3490	2870
3490	2213
2819	2012
2458	2819
2819	3053
358	2819
1589	2819
2819	3399
2819	1461
2819	418
401	2819
1130	2819
2819	3683
868	2819
2319	2819
24	2819
2819	43
2819	2965
4807	2819
2819	3536
4866	2819
5176	2819
2819	4368
2819	3981
993	2819
992	2819
2819	4349
2819	2938
2819	2789
2819	3557
512	2819
1297	2819
476	2819
2339	2819
2530	2819
2819	4895
2819	996
2819	1225
2323	2819
2595	2819
4530	2819
2819	3257
5193	376
4207	2819
4630	5193
4715	5193
2819	1433
2819	2544
2819	763
4324	2819
2342	4096
461	4096
4096	898
4096	293
2187	4630
3484	5193
671	4626
16	4626
4693	2787
4502	2787
1047	3972
757	1047
3630	2787
2787	3675
1	2787
330	2787
196	1586
3386	196
2789	196
196	4352
196	4325
196	2391
196	4917
196	1433
3557	152
152	291
152	1911
152	3972
152	368
3996	152
152	3734
152	926
3972	4326
4326	2938
2787	399
4326	4675
152	578
152	2407
152	287
2819	152
291	2613
147	1817
2613	2342
2613	2196
2613	4037
3169	2613
1660	2613
2187	2613
152	2944
152	2911
1817	210
2281	1817
1817	4179
1130	1817
1817	4233
996	1817
1531	4450
1531	4453
2319	1531
587	1531
1531	1109
1130	1531
991	1531
401	1531
3703	2613
3329	2613
545	2613
2613	486
3894	1531
1531	671
3053	1531
605	1531
1123	4438
1413	1409
5098	1413
5	1413
1413	2041
1413	3256
3254	1413
3369	1413
1413	1973
216	1413
2423	1413
2423	4632
2196	2423
3258	4602
4818	4602
4602	3680
1598	4629
1598	4632
1598	3157
2187	1598
1598	4555
1598	642
1993	1598
4463	1598
4321	1598
2154	1598
3891	4438
3197	4438
1973	4438
2917	4438
4438	2228
4438	3410
196	418
4787	196
1224	196
1682	196
196	2098
196	2412
196	461
196	5193
2795	4856
1598	1439
196	1104
3906	2795
1598	2039
3365	1598
2781	1598
4312	1598
196	4556
196	608
196	2178
196	4349
401	196
196	3981
196	4701
840	196
2408	196
2409	196
2972	196
196	4675
3434	196
2319	196
868	196
3715	196
3536	3423
3423	4807
3423	507
3423	2622
3423	4917
3423	2391
3423	2932
4325	3423
210	2432
3120	210
94	3978
4456	4920
578	4920
4920	3254
3972	4920
4442	4920
3455	3365
3455	3195
2799	3455
3455	4848
4458	3455
3455	233
3412	3455
4895	3455
4704	3423
3455	585
413	3423
3423	1597
1109	3423
3423	2319
3423	1737
3423	4368
4619	4018
4018	173
4018	1342
4018	3683
883	4018
4018	3344
991	4018
507	4018
4018	336
4018	2459
4018	4924
4931	4018
4016	287
24	4016
4018	5140
4018	3652
779	43
2012	779
779	5118
4920	338
4018	2817
2819	4018
4018	1000
2213	4018
4018	4876
4018	3931
4018	2700
2699	4018
26	4018
2012	4018
5118	4018
4880	4018
3053	2937
2153	3053
3410	3053
724	3053
2399	2401
3103	2401
2401	549
757	3053
1438	3053
1130	3053
4464	3053
3179	3053
358	3053
3053	1491
1187	3053
3053	3705
1531	2622
3386	1531
1531	4895
963	1531
3536	1531
1531	774
1531	2035
4807	1531
4207	1531
1531	4325
2303	5
1531	3127
1531	1433
996	1531
3337	1531
2932	1531
996	3053
1433	3053
3053	4328
3053	403
3053	941
4307	3053
992	3053
1283	3053
3455	1492
3518	3455
4463	3455
3327	3455
4321	3455
3455	2349
400	3053
3455	1461
3319	3053
4530	3053
2886	3053
3053	2789
4538	3053
2183	3053
2138	3053
3053	529
3989	3053
4028	3053
3053	3894
3053	3087
3127	3053
762	3053
3053	763
3599	3053
4766	3989
4766	130
4766	2713
4766	1973
4766	2882
2714	4766
4766	3981
368	4766
3289	1973
4134	3289
3289	368
3289	2714
90	4766
291	4766
4766	3053
4456	4766
4323	654
4323	2849
3277	4323
4323	3416
4323	3411
3364	4323
143	4323
4323	144
1824	5118
5118	2753
2705	5121
2696	5121
5121	3426
2706	5121
2946	5121
5121	3798
4723	3157
4452	4723
4723	4454
24	4723
4909	4908
3044	4723
3179	4723
4723	1
2127	3599
3812	2127
2127	2918
2128	2127
3172	4723
2342	4723
4723	461
4941	2127
3127	4766
4767	1402
4766	1433
3123	4766
736	724
368	724
845	4767
4463	724
2178	4766
4924	4766
4766	4454
775	4766
4766	3319
4766	996
4931	4766
165	4766
3078	470
5191	3078
3899	1803
3078	4207
4336	3078
3078	4450
3078	4899
3078	899
3680	2175
2175	1973
3078	2453
2175	2174
1903	4456
1904	3978
1903	2781
3365	1903
3978	5023
3631	3978
2372	3978
1100	3978
3978	4701
3978	3156
3120	3978
1660	3978
4323	3978
413	3978
640	3978
2383	3978
4036	4016
3344	4016
3978	972
3978	1123
1409	5118
909	5118
3958	5118
3707	5118
5118	3631
5118	3630
5118	313
5118	3351
5118	1861
5118	1976
1491	5118
3816	5118
5118	1803
5118	171
216	5118
4988	5118
606	5115
4331	5118
1202	4880
4880	3707
455	4880
4931	4880
4880	4652
4880	1807
4880	247
4880	2793
4880	2703
1803	4880
4876	484
210	4880
4878	1803
5118	4876
625	3367
3374	3369
1009	1887
3262	3253
1009	1673
1009	1229
1009	3044
3409	1009
2987	4760
4769	4768
3361	624
4760	4146
3369	624
3361	3362
3362	3369
3369	3361
1933	1933
466	465
1549	4689
4781	4689
4689	4768
4689	4769
4781	4769
4768	4781
3853	1656
238	1101
1558	977
1558	258
4245	3448
2081	3044
2081	758
1933	139
767	1159
2054	767
767	2945
767	5066
767	3692
767	2484
1608	767
767	494
1731	3232
1731	2862
1231	1731
564	1731
1731	902
836	1731
559	1731
1731	3039
2055	2165
2172	1731
2862	1009
354	2055
1881	1731
1608	1731
1731	2208
1024	1731
4209	1009
2671	1009
758	1009
1009	2722
150	1009
1009	2165
528	1009
836	1009
440	958
3314	440
258	3677
3298	440
4157	2433
1138	2433
3289	2433
1208	2433
902	3036
3036	258
2433	3873
1766	2433
3036	3039
3036	836
2530	3036
3036	1422
3036	1608
564	3036
1231	3036
3036	2862
2208	3036
1024	3036
1881	3036
3036	559
594	3036
3036	3677
5188	3036
3036	2172
767	4151
767	3788
4202	767
2862	3000
1176	3692
3692	2657
3692	3889
1293	3692
4420	2862
4309	383
354	4309
4309	1934
1445	4309
3298	2484
2484	1608
2484	4953
3299	2484
2484	3692
150	2484
2484	3086
4415	2484
2484	6
2484	397
2898	2484
2484	899
2484	4473
258	4990
594	2484
3232	258
258	2530
1231	258
564	258
2208	258
1881	258
5188	258
2172	258
2386	4067
4067	482
4067	16
4067	6
2297	4126
3946	2951
1411	2733
1411	4624
1411	5176
4701	1411
1411	993
1411	2964
1411	1382
1411	2481
2480	1411
2764	2138
4638	868
4638	4464
3630	4067
1557	4067
4067	3255
4067	3680
4067	3541
3362	4067
2793	4067
4067	2313
4203	4067
1794	4067
2703	4067
4067	145
2410	4067
4460	4067
3087	2773
2773	2780
915	2773
2319	2773
2725	2395
2107	4295
2725	2703
5186	2725
4295	3412
2698	4295
795	4295
2944	4295
4295	2901
4295	2781
4295	3599
4295	3329
2773	1433
2773	4650
2763	2776
3611	2763
2789	2773
2020	2773
792	2773
1586	2773
771	2773
4807	2773
2773	181
3365	2773
868	2773
2773	667
1130	2773
2773	993
4295	1803
4295	2705
2703	4295
1638	4295
4555	4295
4295	1794
4295	926
145	4295
4295	4067
4295	4083
3998	4295
479	4295
3771	4295
4295	2349
4295	1993
4321	4295
4295	3369
3374	4295
624	4295
4295	3367
4295	3254
4295	2050
4295	3373
4295	3262
4295	3157
4295	780
2847	4295
4295	2793
4295	3365
4295	620
1454	4295
5163	4295
1135	2193
2274	2203
1413	2274
1135	1082
4282	1135
2274	4597
2134	143
1083	1135
2274	2895
2895	1135
1082	2274
2193	2274
1083	2274
1135	2274
2274	76
4282	2274
2831	4169
4169	484
1731	4169
2279	1224
2279	4095
1006	4089
4295	4531
4540	4295
498	143
143	2477
143	2471
143	2476
2471	1967
4063	4169
4169	1491
4169	636
368	4319
4454	4704
3156	4704
476	4704
1828	4116
22	4116
3484	4319
926	4319
3734	4782
3890	4782
4782	1454
2042	4782
3972	4704
4704	2806
4067	4782
4782	671
2385	3554
2385	486
5093	3528
1944	3528
2385	1409
3412	2385
2392	2385
164	2385
1160	4116
2937	4116
4116	1034
3108	4116
4116	2869
16	4116
2939	4116
2870	4116
2385	1
2385	3365
2385	4453
1410	2385
2385	4792
2385	4451
4587	2385
4463	2385
2360	2385
2385	2899
2385	2050
2385	2037
2385	3262
2385	3254
3369	2385
3374	2385
2413	996
2413	1207
2413	4530
4179	2413
2413	1502
3519	2413
2413	3520
4807	2413
2385	4588
201	2385
2385	3771
2349	2385
4321	2385
2385	4540
2413	4233
2413	1832
2413	4184
2413	1433
2413	4734
2413	3027
526	2413
2281	2413
2413	3929
43	2413
2413	3328
4394	2413
4675	2413
1130	2413
401	2413
402	2413
2413	4464
3536	2413
2413	2342
2413	461
2413	2012
4334	2413
2413	26
2413	4202
3484	2413
24	2413
2413	2407
3216	2413
2413	3683
2413	368
2413	865
642	2413
2826	2413
4907	2413
4121	1195
1195	4178
2714	1195
1195	1336
1195	4375
1195	2381
2147	1195
4657	1195
3026	2583
2583	579
1287	1195
1196	3114
736	2434
2413	287
2807	1960
2434	4456
781	4638
4638	1225
4638	476
5011	4638
2705	55
356	2892
356	4515
356	3845
6	1195
1858	55
719	55
55	3140
2239	1195
3114	1195
1195	4953
354	1195
3296	3723
671	3296
3490	2869
3144	3296
3176	3294
4	3294
1599	3296
1453	3294
3294	4955
3294	5085
3044	3294
3294	5098
3294	3837
2313	3294
3294	2041
3294	4580
3294	671
4936	3294
3294	4454
3294	4452
2096	4823
2096	3412
3294	5135
3294	2993
2939	2096
2096	2937
1828	2096
4080	2096
2098	720
4232	2098
2869	2096
2096	2870
4307	2098
2951	2098
2098	1454
2098	1
2098	4452
4454	2098
772	3300
3972	3300
3194	3300
949	3300
947	3300
3300	402
40	3300
1987	3300
4664	2076
287	2076
2196	3629
3329	2196
210	2196
2196	1444
5052	3299
2196	4584
3299	3169
3299	2752
1828	2213
4862	3299
2213	2847
2213	3365
2213	4456
2213	2713
2221	3484
3526	2221
5	2154
2154	161
2870	2222
2222	2869
368	2222
2222	2939
2222	1828
1760	2222
2153	1887
4111	2153
2153	1444
4701	2153
5098	2153
2272	2153
3305	2153
2153	918
2153	192
16	2153
2153	29
2153	27
2153	4693
2153	1624
2153	4766
4463	2153
2166	2138
2166	1298
3599	2166
3922	2166
291	2152
2023	2152
2342	2152
671	2152
4453	2166
2166	4066
2166	4068
2164	3412
2864	2166
1002	2166
2166	2393
2166	1187
4368	2164
2164	4456
2752	2161
2161	4095
2164	4358
2940	2164
2938	2164
3365	2164
5085	2895
2895	2888
2895	4653
3680	2895
2869	4102
2161	3998
2895	963
2869	778
4782	4313
4782	2893
1935	4782
3448	4782
2568	4634
2895	2396
4782	338
3706	4782
3980	671
3980	3327
762	992
992	672
3996	3980
3980	5
3980	926
368	3980
992	1412
507	992
4675	992
991	992
3319	992
996	992
992	476
992	4530
3475	3084
4113	671
3329	4113
1013	4113
3476	4009
4995	3476
1403	3475
3475	3476
2703	4113
4456	4113
4067	4113
3703	3980
3576	4113
4858	4113
4113	1454
2918	4113
4294	153
1858	153
409	2921
2705	409
409	4420
4506	409
2951	409
4442	409
840	3476
5036	3476
993	3112
2921	5129
5129	1021
5129	1961
3784	5129
1193	3365
3789	3458
5038	3458
319	3458
3712	3458
890	3458
3458	3374
2888	3458
778	3458
3972	4175
544	4566
3283	884
2951	3283
3458	2870
3458	2869
3458	2937
2939	3458
2724	1491
3571	2724
4840	2726
1492	2724
1528	2237
3044	1285
545	1402
1402	393
1402	192
1660	1402
2660	3109
1828	2660
2939	2660
2937	2660
3156	2781
2869	2660
3065	1861
3065	42
1779	3064
4080	3064
236	3064
3576	3064
3064	3065
3064	475
4009	3064
4863	3421
3723	4839
3723	1760
3723	4453
3723	2396
2724	3337
2724	963
652	423
423	1828
1532	423
423	3412
3065	1779
2869	423
2870	423
201	423
3680	3065
236	3065
3065	4080
1858	3065
475	3065
5044	3065
3065	3192
3065	1776
1651	3515
3518	1651
1651	3412
4422	1651
1672	1651
1673	1651
1667	1651
1669	1651
1651	1573
845	268
1651	1674
1651	1679
1778	683
3035	423
3394	845
842	5131
671	1558
1558	4089
4746	1651
2297	1651
4361	1973
4361	578
4361	4456
192	4361
2538	4361
2041	4361
4361	5163
4361	5056
338	4361
4361	4312
5	4361
4442	4361
4773	4354
4067	1788
3175	4361
4361	4919
2937	4445
4445	3157
5085	1788
2939	4445
1780	972
970	1780
674	1780
1789	1780
2575	1780
4001	1780
113	1780
1123	1780
1780	2865
1780	2023
1780	4456
1780	2161
1780	1682
1780	2395
1780	5154
4559	1780
3967	1780
5186	1780
1780	4702
1973	1780
1780	913
3169	1780
3434	1780
3484	1780
1780	4450
640	1780
368	1780
1780	365
1780	771
4701	1780
1780	3156
2187	1780
4604	1780
1792	1780
1780	4400
1780	1788
3120	1780
1780	4182
1660	1780
1780	5052
2418	2944
3683	2418
3337	1780
1780	5183
1780	3290
1780	3258
3718	1780
1780	5098
2950	3325
2107	2949
2949	766
665	2949
578	2949
2951	1774
1491	2432
2432	1492
2841	512
3087	4807
2841	2705
2012	2841
2948	1710
2948	2789
2950	1385
2950	271
4807	1828
4805	4481
4807	4009
4807	497
4807	2939
2937	4807
2869	4807
4807	2870
4442	48
4441	48
4321	1311
3044	48
4805	4919
609	4805
48	1461
2989	48
1311	4452
2438	1311
1311	775
1311	890
1311	4920
2613	1311
1906	1311
1907	1311
963	1311
3412	1311
1311	1736
2102	1311
721	1311
1311	3044
5141	1311
1311	4469
1804	3072
4632	3072
3072	3179
3072	1662
3337	1311
3072	3998
3072	2342
1713	3072
5085	4472
866	3056
757	3056
3056	291
3056	2921
3056	2196
3056	671
3056	5186
3329	3046
1409	3046
2870	3046
3046	2613
3046	3254
1828	3046
3046	2066
4472	1861
1157	3079
24	3079
3305	3079
3079	2508
4038	3079
486	3079
4855	3046
4304	1312
2781	3072
3072	5
3079	3076
3076	4787
2568	3076
1314	3076
2012	3079
3079	724
5	1313
1313	3875
368	1313
3362	1313
2912	1313
1313	1492
757	1313
1313	2707
3054	1828
4531	1313
2937	3054
2613	3054
2917	1313
1533	1313
4540	1313
16	1313
3056	2944
3056	4278
2781	3056
5	3056
3054	2869
3723	3055
279	3056
3056	486
3056	497
368	3056
3056	2407
4323	3056
3056	865
3056	2138
3487	3056
3056	1313
2986	2952
3972	2986
2986	3608
2986	2735
3558	2986
2986	2152
2986	293
40	2986
2986	368
949	2986
2986	1385
4895	2986
2988	2243
1023	2982
2986	42
926	2986
3254	2987
5163	2987
2987	5
2041	2987
304	2987
2987	1861
2613	2987
3707	2987
3017	1973
1313	4312
2987	2407
2987	1973
3487	1313
1313	3406
3254	1313
3365	1313
2973	2190
2973	2187
2973	4113
2973	4271
2973	963
2973	3416
2973	3707
2973	3329
2973	865
3258	2973
2973	2041
2138	2973
2973	2982
2973	3487
2973	1454
2949	2973
642	2973
2973	3389
2973	2912
3171	2973
2973	1803
2973	671
357	2973
2973	16
4540	2973
2980	3412
2980	2949
2979	3922
3996	2979
368	2979
2613	2986
2892	2986
4067	5011
4190	884
5011	3680
5011	3253
757	5011
5011	2709
1803	5010
2989	5010
5010	2161
26	5010
5010	3683
1550	5010
5009	4083
4540	5009
5009	4463
2396	5009
3195	2973
3254	2973
1308	1286
3044	1286
1282	2613
2180	1603
2180	2182
2180	1748
1671	208
2917	208
208	4949
208	3362
1449	208
1444	208
211	2705
211	2506
4855	4851
4855	722
4858	3972
4858	2187
4855	2538
3254	4855
4855	624
4653	4855
4856	1367
757	4856
4855	486
316	4855
3599	4856
4856	4664
4653	4856
4856	4857
2187	5009
5009	3487
5009	2912
5009	1491
4858	16
4858	2865
452	5009
5162	5009
4858	2788
4858	1202
4858	4855
4858	4856
1993	4858
4463	4858
866	4858
4858	479
3171	930
3325	930
930	1604
930	1603
930	2229
3718	3421
930	5167
2631	930
1710	930
1707	930
5098	930
930	1712
3691	930
3712	930
930	3560
5093	930
4856	3329
2698	4856
946	2012
946	4447
479	4856
4856	287
4856	3327
4856	3254
1	3435
3435	512
2849	3435
2372	3430
946	4453
3972	946
1142	3435
3435	1861
3766	4634
4634	3361
4634	625
4629	4634
4653	4634
4634	1861
4634	799
4634	798
287	3576
866	3576
3576	4502
4661	3837
2080	3837
3855	3837
2012	3837
2021	4661
2789	1553
40	697
2727	1553
992	1553
930	1541
935	1402
930	1774
930	1654
2396	4634
26	4634
4489	4306
4634	4067
4909	4306
4306	4555
3972	697
4319	4306
2095	3071
1454	2453
535	4442
3071	211
535	2839
535	4441
1498	604
1926	604
724	604
604	605
5136	379
5	379
4207	387
3127	387
387	4581
387	4365
3345	2894
2233	2894
2894	2396
3604	2894
2894	544
2894	4321
2433	2894
17	2894
2894	757
2894	4169
2445	2138
2037	2445
2613	2445
3329	2453
4899	2453
4442	2453
387	4194
926	387
3328	387
587	387
2196	387
387	3659
387	2396
387	3172
3381	464
387	4540
4064	387
16	387
4908	3171
4306	4908
1323	1089
1089	1374
1433	387
403	387
1319	387
4204	387
4442	387
2272	387
387	2789
2781	387
387	3487
387	2031
387	1979
3179	387
5093	387
387	2407
387	4859
387	4652
3337	2894
2229	2894
2894	1623
3695	2894
3981	2894
2894	4510
2894	2817
4766	2894
2470	2894
252	2894
1748	2894
3703	2894
963	2894
2894	3922
2894	4530
3319	2894
1062	3484
1062	3816
1062	5088
3729	1062
3712	1062
1062	1861
537	1062
1062	2918
3771	1062
2193	1062
1062	2363
1062	6
210	1062
1259	1062
1062	665
1062	4460
2894	1491
3484	2894
2894	926
2894	587
2894	1634
2894	368
2894	121
3996	2894
2894	293
3410	2894
2894	1224
2553	2894
5118	2894
2894	1973
2894	2012
2894	3327
246	2894
1979	2894
2037	2894
883	2894
1609	2894
1726	2894
3473	2894
2134	2894
2894	4294
2894	642
2950	2894
1008	2894
2894	3837
2894	3541
3014	2894
2894	3387
2972	4963
2407	4963
24	4963
26	4963
4963	2012
4430	1828
4430	2869
287	3404
2899	4310
2781	4310
4310	1979
4310	4653
1	4310
4310	113
4963	4469
2031	4963
3179	2662
1100	2662
4701	2662
2187	2662
2662	2342
1682	2662
393	4310
2662	4321
1332	3556
4331	1332
6	1332
3998	1332
40	2590
291	1332
2633	1102
2591	2590
2212	1062
3362	1062
5098	1062
1062	2041
1062	3812
3157	1062
3365	1062
4661	1062
1062	585
1062	1829
2342	413
2129	413
2772	1062
1062	3044
62	1062
1062	3201
1772	43
43	868
43	993
43	3855
2209	413
255	413
2307	2342
1547	43
4919	43
3404	2703
4294	3404
792	3404
3569	43
43	4839
2339	43
43	996
915	784
784	2922
2882	784
784	3327
784	3258
784	238
865	784
784	76
3537	5098
3537	5
4321	3537
2149	1375
4473	2870
2869	4473
4473	632
3087	4473
4456	4473
1549	4473
2937	4473
4473	3746
4473	5056
4859	4473
26	4473
4473	2319
4313	4473
2938	4473
3680	4473
4473	476
4473	4917
4473	3922
4473	1207
4473	4895
1332	1068
4988	1332
1332	1224
4559	1332
1332	2582
216	1332
4909	1332
1332	4908
42	1332
1332	4009
1332	3705
1332	1881
3351	1332
1332	61
2007	1332
2187	1332
3255	1332
3083	1332
1332	234
3707	1332
277	1332
1332	1927
1385	1332
1332	909
1332	1824
2753	1332
2962	1332
4489	1332
784	2433
4020	784
4068	784
3267	784
594	3706
594	909
1863	287
1863	278
1491	594
1412	594
625	594
594	3492
594	3293
594	3365
594	4611
3727	594
444	3789
4540	594
594	1492
3691	594
3789	2458
3789	1865
3703	3789
3789	26
87	3789
1985	1362
3789	2342
3477	3789
1465	1362
1362	1409
1670	1362
1362	4151
2744	1362
13	1362
3412	1362
1362	3599
959	1362
3044	1362
3680	1362
1362	775
620	1362
3374	1362
1002	1362
5044	1362
1362	980
3814	1362
1362	5093
1362	1412
1861	1362
1362	2207
1362	358
1362	1492
145	1362
2705	1362
2396	1362
1362	2869
356	1362
1362	4058
1345	3035
1345	4075
4080	1345
1345	1580
1597	1345
4020	1345
1345	1723
1345	1665
1345	4083
4325	4473
3855	1197
1197	3569
1197	2938
2940	1197
4895	1197
1197	2458
1197	24
2493	3053
1197	4022
1197	2230
4451	1197
4450	1197
1197	4453
1197	4619
1197	2447
1197	401
2789	3204
924	3204
3732	3819
3204	2968
3172	5021
4231	1514
2911	5021
1	5021
3213	338
3213	5098
3204	2582
2475	3204
3204	625
3204	497
4236	3204
3204	3362
3127	3208
5192	3208
3208	2932
400	3208
3216	3374
3213	2039
479	3216
3213	3216
3208	992
3208	2789
4555	3208
2486	3208
3208	996
1433	3208
3208	3319
3208	1118
4146	2817
3755	659
4918	659
659	1828
3208	43
757	3208
176	4146
4146	2989
4653	1863
3324	1863
1863	2012
4009	1863
4652	659
659	40
1491	659
659	5088
539	1604
2244	497
539	139
2890	539
1760	1409
3680	1760
2243	2774
2243	3996
2921	2446
799	2462
2438	3443
26	2446
608	2173
1671	2173
2462	798
2173	2911
2342	2551
2551	24
2551	497
1760	4067
2501	3044
2581	1109
2581	401
544	2551
1760	2864
4653	1760
1760	3365
3373	1760
494	1760
1760	2918
3775	1760
1760	1454
483	1037
3365	1037
4675	1037
1076	2969
1076	1043
3599	178
178	368
178	757
865	2501
3448	2501
1564	2501
2501	2497
1062	2501
1313	2793
2793	1454
1461	2793
11	2354
4028	367
4747	2354
2354	3638
2789	2493
996	2493
826	2493
992	2493
4456	178
5085	178
367	3369
367	528
4368	367
367	4858
210	367
2793	367
1109	402
868	402
402	3536
402	993
2938	402
402	512
402	1433
996	402
992	3087
762	402
992	1915
2699	992
2582	992
992	2705
992	2972
992	3328
3815	2709
3815	486
724	5056
5056	725
4550	5056
1644	221
2096	1644
1644	2994
3473	1644
4307	1644
1644	4919
1597	402
1175	402
402	3894
4451	402
4450	402
4807	3815
3815	3981
992	3815
3815	401
3044	3815
2037	3815
3815	3840
3815	2986
4207	3815
2932	3815
3815	393
4895	3815
3815	4530
3683	3815
2230	3815
3300	3815
2123	2329
287	3815
5131	2438
1754	2438
3815	2196
3053	3815
3815	3970
2157	3815
868	3815
587	3815
3815	2012
3815	2319
559	3815
3815	2271
3815	1199
3815	1861
2327	2870
2937	2327
4220	3484
2869	2327
2937	2323
4632	2323
1828	2327
2323	2327
4760	2313
4760	1181
3680	2323
2323	1191
5186	4760
2989	3386
4760	2989
4760	2157
4560	2889
3065	4120
759	5060
1774	759
1018	1881
4653	2374
4565	4560
4560	3344
2849	654
2849	3749
1018	3610
313	1018
4220	3114
3366	2849
3364	2849
5098	2849
843	1492
1491	843
4452	843
843	1726
843	1465
1279	2869
2870	1279
1279	847
2099	1279
2235	1279
3555	1279
1213	1279
1279	3558
2817	2656
2453	3355
3365	3355
3386	3345
2193	3386
3386	2987
4134	3386
2888	3386
338	3386
3386	3305
3386	3952
2184	3386
3386	4624
495	3386
3386	2186
3044	3358
3358	4632
2705	843
192	843
144	4840
5027	2319
4840	648
4840	1517
4840	2041
3412	4840
4840	1973
3157	4840
2760	5093
2031	2760
4453	2760
1349	2760
2760	4447
2760	4450
5027	991
5027	2932
2705	4835
3040	4221
1444	4221
4358	1985
4358	2613
2699	4358
4358	2817
4358	4207
4840	2349
479	4840
4840	4837
4835	2772
4835	4840
4837	4835
4835	1828
935	4835
3280	4859
3280	3680
3280	884
3280	3258
3307	792
17	3280
3280	5088
247	3280
759	4479
1715	759
3048	759
2508	759
4907	3280
3922	3280
147	3280
1642	759
2609	484
671	484
3258	3172
484	4726
4902	2760
2760	476
484	4456
462	2760
5163	2906
2906	4078
504	3307
2906	3258
3258	5085
704	3258
2902	4120
192	3308
4555	676
358	676
1803	676
676	1363
676	2313
676	3157
4675	676
1976	676
676	544
676	461
676	4456
676	2196
3152	676
2396	676
2343	676
2342	676
1409	3429
2012	959
3429	1828
3290	3429
192	676
55	676
959	26
959	652
1041	2871
2871	4394
3526	2360
2143	3526
2939	3429
5131	3429
3429	2869
2870	3429
3164	2781
2781	2940
4359	4456
4359	757
4359	2339
3569	4359
4358	476
2283	4359
676	4313
676	4632
3389	630
3127	676
2383	630
2244	630
2938	2781
2196	2781
676	3599
676	597
393	676
3412	676
486	676
210	676
3583	676
4629	676
3680	676
676	4580
676	2138
676	865
2781	676
676	792
676	3700
676	708
5098	4921
4921	1014
4921	1013
5052	4921
4701	4921
4454	4921
4912	4921
4921	3434
4702	4921
5186	4921
5154	4921
1224	4921
1682	4921
2342	4921
4921	2089
4321	4921
1123	4921
4921	3896
674	4921
291	4921
4987	3412
4862	4921
1828	4987
4987	3329
4653	4987
4987	2138
4987	1803
4987	2187
2939	4987
2937	4987
2869	4987
4987	2870
1454	3526
3526	1994
4653	3526
4408	3526
3617	3438
2706	3617
4067	3526
3526	4083
4839	3617
3762	3617
4821	3617
2696	3617
3383	338
2882	3383
3617	212
4064	3617
2940	4924
3383	3222
3383	4716
578	3383
4924	4931
5052	4924
2781	4924
4924	2938
4924	32
1803	4924
4876	4924
5118	4924
3718	4921
4921	5183
2654	4921
2196	4924
2943	1392
1392	3482
2098	3136
368	3136
3136	2187
3179	3136
3136	4556
3136	4044
5085	3136
4935	623
1093	4935
4935	4312
3706	4935
4935	1586
4469	2161
544	3987
2196	3682
3987	3532
3682	2817
2819	3682
26	3682
2699	3682
3682	4394
4450	3682
401	3682
3682	1109
3682	4508
3814	3682
2312	3682
3682	4679
3684	3682
3682	2932
2349	4478
210	4478
3682	4207
4478	4502
4478	2138
2282	4478
4632	4478
3255	4478
4080	2668
3989	1276
3290	4478
4102	4478
4294	4413
4413	2752
1276	3723
2932	1276
2705	3436
1574	3436
1279	4413
5085	4413
2231	4266
165	3996
3495	3436
3436	4453
4083	3002
4555	2231
2231	461
2231	4327
3002	3036
338	3002
3002	4360
2700	3002
995	4859
995	4464
995	3536
4807	995
992	995
474	995
1716	995
995	774
2789	995
995	2706
1748	995
995	4907
741	995
995	512
2781	995
2938	995
66	995
1523	995
4917	995
1433	995
1207	995
4530	995
995	1225
996	995
995	4207
995	4325
452	2937
995	3127
995	2391
2389	995
762	995
2932	995
452	840
452	4307
206	452
4653	452
452	330
452	1658
452	2196
2349	452
2558	963
4941	2558
1412	2558
1741	2558
34	4487
2705	2558
452	2715
452	3412
2339	271
271	4628
271	936
271	4730
271	1142
4108	1291
4556	1291
3337	2558
1392	3362
2793	1392
4068	1392
3996	4322
4456	4322
1385	271
5098	271
271	1984
1805	4524
368	4524
4524	1311
1002	4524
5098	4524
2781	4524
2196	3415
3474	4524
1213	3555
2235	3555
4287	3048
3555	3558
4524	216
4524	2089
4524	4555
4524	4463
2330	4301
4301	1
4301	2666
4301	1209
4301	1742
1545	2869
1545	2870
4902	287
1097	3415
5127	3415
3415	1521
26	1748
401	1748
4530	1748
781	1748
4301	5136
4704	995
3814	4947
4947	4652
4947	4909
1175	995
995	1597
2196	995
4997	995
1726	4902
497	4902
1716	4902
3514	4902
4947	4908
5088	4947
480	4902
4902	3972
2319	995
868	995
995	2246
40	995
1109	995
995	401
667	995
995	3683
995	358
4202	995
3053	995
3078	995
995	4447
4450	995
26	995
995	24
4540	4826
720	1230
2989	4826
287	4826
4138	4233
1273	4653
1454	720
720	4752
5093	1337
3355	2174
1273	2508
4556	1337
1297	3355
1758	3355
3906	3355
3355	1949
4826	4454
1	4826
3064	4826
4826	3065
5021	4826
4826	2654
642	4826
4826	644
4826	3172
4826	724
4826	3484
3324	4826
4826	2628
1461	4826
4321	4826
4826	2396
1534	4826
4826	2849
4826	3258
4826	4840
4826	4837
4080	4826
4826	2781
4826	4312
4826	4307
4605	4826
4826	1660
1334	4826
3179	4826
899	4826
1004	4826
4826	2313
2097	3555
2099	3555
5	3555
4560	3555
3555	1491
2752	3555
790	3555
3555	847
486	4826
3366	4826
4826	4822
2312	4826
4826	5067
1458	4826
4826	3346
4819	4826
2167	2637
2167	1187
4463	2167
2012	2167
725	2167
2167	4585
2167	171
2167	724
3179	2167
4182	2167
4632	2167
2167	102
3157	2167
1852	2167
2167	3912
642	2167
461	2167
2167	4456
2167	2196
4321	2167
16	2167
3923	2167
3998	2167
2989	2167
2167	3978
2577	2167
5147	2167
3399	2167
2396	2167
2423	2167
2167	2342
544	2167
1552	2041
844	2041
3836	1997
840	1778
2041	963
2041	4102
2041	3728
2041	1824
2167	4862
2167	866
757	2167
1299	2167
2576	840
3033	840
3475	840
2059	840
2033	2041
2050	2041
2041	2042
2041	2039
2041	3373
4632	2041
880	2041
3254	2041
5125	2041
4117	2041
2041	4340
1927	2041
2041	1828
2041	5085
2041	1014
1013	2041
374	2041
4584	2041
2041	2349
5079	2041
2918	2041
1139	2041
5185	2041
2041	3734
2041	4506
2041	3351
2041	1469
2041	4706
2041	1807
3853	2041
2041	1454
1573	2041
3394	255
3394	4178
3394	3812
3814	3394
3394	4075
317	3394
1444	3394
3680	3394
2041	3556
3896	2041
2059	2836
2059	3060
544	2041
2041	2937
2869	2041
2194	2041
3014	4460
4097	3014
3838	3014
3014	3420
1	3014
3483	3014
2706	3014
3014	2020
3014	2095
5036	3014
3014	4207
1402	4756
3394	995
3394	1492
173	3394
3394	3640
651	3394
3120	3718
4664	2410
4664	4067
4664	3972
4664	5044
1593	4664
3044	4664
2994	1652
3483	2994
3014	3970
2994	4919
3014	5089
4064	3014
3014	2817
2196	3014
368	3120
2945	958
3044	958
958	3199
665	958
958	4670
958	1573
958	1412
2793	958
958	3775
3324	958
2918	958
3514	958
3631	958
1726	958
3675	958
958	4604
139	958
958	640
4095	958
958	544
958	4554
958	3895
958	2196
1	880
4277	880
1521	2082
3996	880
139	2613
2082	2696
139	4396
139	1892
3186	139
3195	139
139	3000
4849	139
1492	139
1465	513
4653	139
1412	139
1804	513
513	474
513	1118
4907	513
2902	3254
5085	3254
3254	585
580	3254
3254	3373
3362	3254
3262	3254
3253	3254
625	3254
3367	3254
3254	3369
3254	3374
3254	1
3254	3365
3254	620
3254	624
3484	3254
2917	3254
4443	3254
1861	3254
4790	3508
2789	3508
4675	3508
3484	3508
2349	3254
4067	3254
1467	3508
1207	3508
3262	3369
625	3369
3369	3365
3369	915
3508	1491
3508	2012
3508	2989
3369	3253
3599	3576
3576	4822
3305	3576
3576	2465
4794	3369
4555	3369
2789	3413
1433	3413
3576	2163
5	3576
950	3576
4128	3576
3703	3576
3576	3329
3631	3576
3576	2459
3576	3797
3774	3576
3367	3576
3576	3569
4839	3576
3576	4849
3576	2041
958	3576
3576	1701
2793	3576
3576	1004
3576	1002
4661	3576
3855	3576
3576	3186
3576	2015
3576	145
724	3576
2917	3576
3434	3576
2247	3576
1794	3576
3576	868
368	3576
3576	6
3576	3923
3576	3925
3576	4086
2089	3576
3576	3845
665	3576
1803	3576
2932	2797
1270	3972
3972	4749
130	3972
2797	719
5076	2797
2938	2797
4895	2797
4336	3972
5155	3972
1119	3972
3972	4706
995	3972
358	3972
2453	3972
1199	3972
3972	2215
3972	509
3344	3972
3972	3711
3972	899
4241	3972
3972	4238
3972	511
4441	304
3423	4441
4067	4987
4987	1789
5126	3972
5071	3972
4560	3972
2706	3972
3064	2831
2831	3065
4652	2831
1412	2831
2349	2831
2918	2831
2831	4067
2831	16
3412	2831
1824	2831
3329	2831
2525	2831
170	2831
3707	2831
1454	2831
2831	3362
4451	2797
2797	4908
724	2797
2797	2396
2699	2797
2817	2797
2819	2797
4540	2797
4349	2797
2797	3972
2797	3179
2797	741
3536	2797
2797	401
2797	991
2797	4473
4949	1444
1463	1444
1344	1461
544	1344
1344	4068
1344	1224
2705	1344
358	1344
1344	2407
1344	3981
1344	980
1344	497
3014	1344
1979	1344
1344	3473
3972	1344
2869	2030
1453	1344
2030	2939
2030	2870
2030	2319
2030	2937
2030	1828
512	2030
3089	3854
3089	1803
3982	2031
2793	3089
5014	3982
3982	4044
2781	3988
3988	2917
69	608
2890	608
608	3329
608	963
4632	815
639	815
544	815
1139	815
815	5085
809	4540
815	3734
815	1679
809	1973
2912	809
16	809
2613	809
809	294
809	4653
3157	809
809	4984
1252	2342
809	1002
809	1550
671	809
884	1449
1449	1454
1449	3267
1449	3923
2313	1444
1444	1973
1449	59
1449	3044
3734	608
608	3172
2918	608
724	608
608	1665
4067	608
3410	608
2349	608
4556	34
1454	4556
578	37
5154	4613
5190	2951
4377	5190
4556	4877
5190	4080
608	3254
3448	608
608	815
2781	608
608	4452
3814	608
497	608
608	3374
4443	608
608	3775
1861	608
608	642
608	3324
926	608
877	608
784	608
3473	210
216	3473
3473	2937
4331	3473
16	3473
4067	3473
113	3473
3473	4502
3261	2138
4184	3261
3972	3261
3263	279
3263	486
3263	865
3263	3265
1726	3263
5065	5057
5061	5065
4543	1492
1972	4543
3473	2753
1073	3473
3473	236
1409	3473
4632	3473
3255	3473
3473	3156
3905	3473
1489	3473
3473	1139
3854	3473
3473	5136
2752	3412
3675	2752
3711	5
2752	4102
3711	1405
3638	3711
3711	4894
875	3711
3095	5076
5046	3095
2752	1382
2752	4502
2752	4331
2752	4067
3255	2752
4554	2752
3263	5
3263	2946
3263	544
2396	3263
2553	3263
3324	3263
4632	3263
3263	3179
3001	3711
4013	3711
4615	3711
3226	1382
3226	1944
3226	2917
2138	3226
1828	3226
3290	2167
2327	2167
2167	3700
2167	3703
2167	3922
2167	963
2167	3599
2167	3305
2167	1660
2167	4961
1726	2167
2167	2138
2167	3258
2781	2167
5023	2167
865	2167
2113	3767
2797	2113
2113	1716
2113	4368
3175	2113
2214	3095
2938	2113
2940	2113
1758	2584
1297	3817
1390	2167
2167	3337
4456	2113
2113	4022
3749	1297
4653	1297
487	1919
1919	1915
3852	578
1919	1918
3711	2342
1450	2342
2012	2342
3675	2342
4773	1984
1391	4364
4773	4547
4773	1703
4364	4250
1200	3109
4364	1393
1997	4364
3769	5193
5160	5193
5193	4626
2700	2892
255	4773
4773	4459
501	5193
3886	5193
2339	2700
3675	2700
2700	2955
2700	1705
4047	2700
4895	2700
2700	1014
4251	2700
2819	5090
2817	5090
5090	2699
5090	2700
5090	4274
709	5090
3775	5090
1159	5090
4855	791
4856	791
4851	791
2772	791
4603	4598
4602	4598
4598	4344
2115	5090
2473	5066
5062	2473
2737	2473
2473	3972
1271	187
187	4701
4866	791
4906	791
2342	2990
2342	1405
1347	2473
1270	2473
2473	4236
511	2473
2473	509
4238	2473
4234	4661
4234	4839
2081	4234
5044	4234
3441	5011
4108	3441
2658	1270
3441	1863
509	1270
5062	1270
1270	4238
1270	4228
1270	4235
4236	1270
1270	1347
1270	511
2233	3387
2396	4283
1410	2423
687	2423
5126	4390
4390	895
924	4390
4390	255
4390	1777
4445	4390
4417	4390
4361	4390
4390	1683
4390	1596
4390	4773
2082	5090
1224	4054
1224	4473
2319	1224
1224	667
4704	1224
1224	695
1866	1224
4040	1224
293	249
2873	2401
2397	2401
4283	1260
1040	4354
4445	1040
259	293
293	2394
1242	695
1769	695
4773	1040
4560	695
1796	1041
1041	3147
1041	2031
5025	1041
4866	4905
4904	4905
5088	1041
289	1041
687	4124
4234	2508
4905	4906
4906	4904
3775	2077
2193	242
2041	2193
3675	2193
2081	482
5181	2386
2077	3344
2889	2077
2081	2508
4178	2081
1471	2081
556	2081
2096	4274
2012	2096
3724	2096
5060	2081
2895	2937
5088	2895
2696	2707
2186	2707
2227	227
2213	1121
2153	2369
4953	2227
2196	2788
2196	3936
2196	4394
2196	4866
363	2203
2193	578
5126	2196
4907	2196
2789	2964
3705	2789
2789	991
2789	1130
941	2789
1705	2789
2789	2933
2789	5044
281	2789
2789	2955
2789	403
3536	2789
2789	2932
1832	2789
400	2789
763	2789
2096	3692
3157	2096
2096	865
2096	1586
1418	2096
4207	2096
4614	2096
2789	418
2789	1175
2789	358
2789	5112
1831	2789
3328	2789
2789	3499
4394	2789
587	2789
2964	1000
1000	2012
5090	1000
4456	1000
1000	357
2665	1030
1030	2642
1030	253
1000	4358
1000	4251
4250	1000
2339	1000
2955	1000
1000	4464
4488	1000
991	1000
1030	1791
1030	4416
1040	1030
1596	1030
3127	2789
1030	2205
2789	816
2789	1134
1703	1030
2380	1030
892	1030
4547	1030
1030	4445
1030	255
1030	4464
4459	1030
2129	2819
2018	3775
2699	2129
2129	2817
4563	89
89	2544
2018	4697
89	5012
2129	3952
3855	2129
2964	2700
2965	2700
2012	2129
2129	2700
2129	2590
2591	2129
89	90
3157	90
2897	90
90	4157
1000	3952
1849	1000
4022	1000
1000	1465
4766	89
89	2660
2897	89
2676	89
90	1391
2676	90
4563	90
5012	90
1038	2012
3945	2012
3628	2012
4274	2012
1796	2012
2319	2012
1105	2012
2012	3733
3893	811
2676	811
5012	811
5110	5112
5111	5112
1141	2012
2699	2012
2012	1020
4686	2012
226	2012
2012	2744
2012	645
1848	2012
3708	2012
1783	2012
4907	2012
4652	2012
2267	2012
1804	2012
3157	2012
2031	2012
2008	2012
2012	3576
2012	5044
3582	979
979	1748
1898	979
979	1726
604	903
2012	903
1596	255
903	605
2012	4666
374	1834
2012	585
2012	3810
1834	2091
1899	979
1834	4448
1834	4686
428	3711
2240	903
903	3237
3256	903
2590	24
2591	24
24	4904
4906	24
3374	903
3367	903
903	625
1498	903
3254	903
3253	903
903	3361
3362	903
24	3536
405	4272
4272	790
5047	4272
4839	24
24	5068
24	4359
24	3952
4866	24
3855	24
24	5044
3569	24
1772	24
4231	24
24	5093
1714	24
2659	4880
2659	4881
2659	1804
5118	2659
1796	1987
4780	926
4876	2659
2659	4878
2788	926
4464	926
35	926
926	548
4260	4272
4272	5049
926	396
4272	4785
2591	3344
3952	2591
2591	229
231	2591
227	2591
228	2591
1714	2591
3576	2591
3117	2591
2591	4231
473	2659
2591	4649
4931	2659
2659	1092
4235	2659
4228	2659
4701	783
4638	783
4686	4554
4554	1796
4456	4554
4555	217
4095	4555
1683	4555
1332	1796
5088	1332
1332	665
4456	1332
3117	2590
2590	289
3737	2591
4240	2591
1224	1886
1634	1224
399	1224
1224	991
1224	4686
1224	181
1224	4907
2030	1224
1224	4481
1748	1224
1224	4895
1224	547
1224	781
1224	4913
761	1224
1224	4325
687	4097
4097	4749
2012	4097
2706	4097
2095	4097
3663	4097
4097	4748
1705	3053
5147	687
5147	3775
743	5147
5147	4686
3768	5147
2959	2748
2958	2748
2748	4093
4083	2830
2832	1850
2832	2012
2059	2748
358	2830
4093	2830
2908	2830
4794	2830
4179	2830
507	2830
2972	2830
2830	1796
3466	3838
3663	3838
2095	3838
289	3838
1566	3903
482	32
879	1566
1566	890
2897	130
1391	130
90	130
89	130
4563	130
184	130
130	64
130	2676
4470	3978
309	3978
130	2367
130	5012
1172	1796
1172	810
4704	2582
1172	3367
289	1172
168	171
1172	4093
2670	1172
2582	4866
993	2582
4907	2582
2582	2940
2582	4394
2582	995
3791	2582
3733	2582
4881	1803
5115	4816
5115	4400
1788	5115
3536	2582
2582	2391
2582	4325
4448	4878
5118	2942
2018	5118
3542	5118
4931	5118
5115	1780
1703	5115
5115	5131
4894	5115
2908	4293
2041	4399
2039	4399
4399	2033
4399	578
2146	3775
5088	2146
2146	2018
2964	605
1498	605
2919	723
2919	859
2339	2919
3675	2919
2919	3513
187	2919
358	811
991	811
130	811
811	4766
4704	811
811	89
605	1705
2955	605
811	1391
811	476
811	2897
4157	811
811	1119
811	2660
401	811
474	811
2469	3743
3743	452
5098	3743
3474	3743
3743	1662
3743	5085
3743	3227
313	3743
625	3743
506	3743
2313	3743
3515	3743
1	3743
3743	1651
3743	642
1403	3743
3743	1911
3743	3775
3743	3732
3406	3743
2918	3743
3743	3734
3743	3172
3743	671
1993	3743
578	3743
3743	2870
16	3743
4083	3743
2961	3743
3743	6
3743	4502
4294	3757
3254	3757
3757	3680
171	3757
694	3179
2045	3327
17	3757
3757	3484
1390	4757
991	584
584	2041
694	145
4757	497
1660	4757
1828	4757
4757	2781
5093	4757
1803	4757
4354	4757
4675	4757
1682	4757
4757	544
4757	3399
4757	2613
4403	1947
878	4556
4757	2939
2534	1811
4911	4914
4911	4894
878	2098
4911	4798
1581	4601
2012	4601
4941	4153
4601	3716
2212	853
853	4285
43	4601
853	2219
1	4919
4919	4044
1171	4919
4919	2187
4153	2705
4153	1412
4919	5
2698	4919
1866	3337
642	1866
4321	1866
344	1866
4919	2705
1178	4919
4919	1182
4374	4919
2098	1070
287	1070
3972	1084
950	1084
1866	1410
3044	1070
2918	1070
1070	3816
3743	1409
699	3743
3743	3756
1134	3743
3743	1465
3743	3881
1084	2434
3434	1084
3743	3448
540	3743
1034	3743
3743	676
3743	242
3743	3707
3743	2622
1459	3743
3743	1973
4022	3743
3743	2798
3743	3389
3743	4038
3743	1760
3743	3541
1402	3743
3743	3412
3743	3305
486	3743
3743	3009
3743	4456
2939	3743
3743	4906
374	3743
996	2932
996	4530
2789	996
996	3972
996	2178
996	512
996	507
991	996
4382	3843
1279	3843
3843	1346
4360	23
4813	5154
2526	368
996	3127
996	4329
2352	1716
4456	583
2352	24
2319	2352
3925	2310
2310	1834
1447	49
2310	2626
996	358
996	2407
2700	996
996	418
583	4182
996	2817
24	583
1861	583
626	2396
626	578
626	2713
145	626
3255	580
580	3253
580	3675
3256	580
626	4530
2360	626
4587	49
1406	2066
626	4856
2964	626
626	2888
626	949
580	4912
580	3365
580	620
580	624
2723	3002
1443	3002
4147	3002
580	903
580	3373
580	3362
580	3361
3262	580
580	622
580	3367
580	3369
580	3374
4911	4465
4911	991
4911	5056
4911	2104
476	4911
4911	512
4805	4911
4911	2948
4917	4911
4895	4911
4911	4481
4911	5
4911	4919
3040	4911
4891	4911
4916	4911
1278	4896
4453	4896
757	536
4896	3514
2363	2342
2714	2363
1716	4896
10	4044
2819	4911
4911	2817
24	2363
1305	2911
4911	1182
2319	4911
2699	4911
4911	2700
4484	4555
3327	4484
4484	3157
5056	4484
4484	5097
4484	529
16	1832
4917	4484
1832	24
632	1832
1832	34
1832	3837
4169	4918
816	1832
4918	3765
2031	4918
1433	3894
2319	1433
1262	1433
1433	1109
992	1433
1433	474
1433	512
1433	762
505	2772
2102	4900
4900	982
4482	4075
4335	3923
3925	4335
724	4484
4484	1973
2480	1705
2481	1382
1382	4063
2467	1411
2481	2480
1382	2480
4063	2480
2480	3157
1251	2778
2480	2467
1382	2467
4063	2467
2779	2764
2779	3020
2778	2776
2776	2699
3675	4083
4083	3237
2939	4067
4083	393
2917	4083
4083	3147
3361	4083
4083	3157
3974	4895
4984	3974
4083	145
4083	2947
1260	3974
3974	4638
3714	3974
3974	3733
3127	1433
114	3127
2823	3127
3907	3127
2933	3127
1034	3127
4358	2891
963	2891
201	4487
4487	1712
143	1329
4306	143
143	757
143	2751
1517	3366
3364	3366
2783	2779
5044	2785
2785	3733
2785	3021
1640	2821
5	1640
1418	1478
289	1478
4306	974
2395	974
1705	1778
1453	4502
2939	4502
2799	3915
3915	3193
437	3127
1692	4631
4631	4644
4631	5155
4631	1716
2686	4631
255	4631
4631	892
1344	4631
400	2413
816	2413
1134	2413
2567	4266
4734	4266
4319	2089
145	4319
4631	40
2938	4704
993	4704
3536	4704
2940	4704
4325	4704
4022	4704
2789	2707
1251	2653
4631	5114
4631	5071
4631	4645
4631	2940
667	4704
358	4704
991	4704
2964	4704
445	5172
2444	445
1141	1143
4093	445
1196	1195
4121	1196
1323	445
445	1374
4063	1134
1550	4689
2947	4067
4063	2481
4689	4635
2023	2022
2407	4689
4689	4632
281	2413
2413	941
3705	2413
2789	2413
2413	585
2932	2413
806	2413
2413	180
1196	2175
1196	2057
1272	1196
1196	4132
2433	1271
4701	2433
357	2433
4638	2433
461	2862
782	2962
2862	3931
2862	2342
4913	4917
4913	1433
2822	3997
1713	3997
2102	5068
1412	2102
2342	5166
2102	982
2862	642
2862	368
2862	3337
2187	2862
4548	2511
2588	982
982	3253
3255	982
5166	24
5166	3179
2012	816
2511	1
293	2240
3565	2240
2240	2012
2240	43
3680	982
5085	982
982	3044
2174	3993
4450	1664
1664	4451
358	1664
4702	1664
4022	1664
2705	1664
1664	2196
1664	3947
1716	1664
1664	993
401	1664
2252	1664
3683	1664
868	1664
2319	1664
1664	4453
1664	2932
1664	762
4895	1664
4918	1664
1664	2938
1664	2940
642	1664
1664	4452
2736	4913
708	4913
2098	388
3053	4913
980	2579
2579	585
4325	1664
3450	2579
5	292
1449	292
292	5127
3679	292
4321	4131
4131	4086
4131	642
4131	5093
4131	3337
963	4131
451	3814
3816	451
4456	1210
759	2451
1210	2187
1210	2407
1210	3855
1210	2871
1210	4817
3978	4743
3192	4743
4743	3195
4743	3181
4848	4743
34	4743
881	147
1461	3366
3366	2196
3749	3366
3366	1
4835	3366
4840	3366
2240	3537
24	2240
2240	26
42	2240
2394	2240
2339	2240
5176	2240
2240	2407
578	3479
357	3479
3479	16
781	2240
4443	3479
3479	24
3172	3479
3479	293
2955	3479
3479	1726
3479	2964
3479	1
1014	3479
3479	3044
4044	3479
1013	3479
324	642
3718	324
4909	324
324	368
292	801
1454	292
2714	1963
2196	292
5044	2988
2988	5011
3157	2988
1861	2988
393	2988
2988	3599
2988	3254
3193	2988
4241	479
1423	1699
3473	1471
2202	1471
227	4241
4241	3576
1714	4241
4241	4231
4359	4241
4241	3952
226	4241
4241	3419
2660	4157
1391	4157
89	4157
1119	4157
5012	4157
3853	3852
2676	4157
4563	4157
3853	2039
2042	3853
4686	3853
2033	3853
3491	3079
3079	3952
665	3048
1904	3079
3048	625
620	3048
3048	3374
3048	3367
3361	3048
3048	3362
3048	3254
3253	3048
3902	3048
3237	3048
4638	1313
4983	3048
4456	1313
1313	665
1313	5088
3029	1313
620	1313
1313	3237
2091	1313
1313	4330
2988	4083
2988	4456
1993	2988
3029	2988
2988	145
2988	3147
2988	3391
1796	2988
4187	4805
4805	2736
4805	4082
4464	4805
1667	4805
1673	4805
4805	474
4805	399
4805	4895
3682	4805
4469	4805
4805	4907
2030	4805
4805	476
4805	4422
513	4805
4894	4805
4913	4805
4805	4916
4891	4805
4484	4805
4917	4805
4475	4805
1225	4805
1293	3079
3703	3079
3079	4448
3282	3079
3079	289
3079	3697
4805	3684
761	4805
5056	4807
3989	4807
947	4807
4807	4859
4895	3231
3767	4645
4807	1251
4807	687
4805	4704
4805	2416
1182	4805
1598	4805
974	4805
3010	4807
1104	4805
5135	4805
995	4805
4805	811
4805	2012
4805	42
695	4805
4805	1866
4805	1224
4805	2748
1886	4805
900	4805
5056	4805
4805	991
4040	4805
4054	4805
4805	2319
4805	667
3797	3841
3799	3797
3797	3186
3183	3797
3797	4839
3797	3832
3796	3797
3797	3589
3774	3796
3589	3774
3183	3774
3774	3797
3774	4839
3797	3855
3569	3774
3774	4849
2889	4749
3736	2889
2700	2889
2819	2889
5126	2889
2889	1242
2889	1769
2889	2686
3183	3576
3197	3576
3576	374
87	3576
3576	3902
3589	3576
3576	3796
3799	3576
3195	3181
3195	233
234	3195
4964	3195
1478	3189
3192	3189
3189	3193
3186	3189
4849	2080
2015	4661
3197	4661
4661	3183
4849	4661
3186	3195
3189	3195
3195	3183
3181	3189
3181	3186
3181	233
4849	3181
3855	3774
234	3181
3774	3186
3197	3774
3189	4848
3183	3189
2799	3189
3189	2804
234	3189
233	3189
3188	3181
3181	3970
2657	2335
2657	2534
2657	4936
2657	4933
1080	2657
2657	2601
1074	2657
2657	1075
2657	3878
2657	1076
2657	2702
1088	2657
4789	5009
4789	918
1251	1393
5011	4789
2080	3576
3183	2080
2080	3186
2080	3197
2021	2080
2080	4661
2153	2080
2657	3466
2657	4595
2657	4597
2657	3546
3547	2657
2657	3549
2657	3550
2657	3525
3342	2657
3122	2012
2591	3122
3122	2590
3122	3117
4851	1367
4857	4851
4856	4851
4851	1663
5011	2447
2301	5011
5010	5011
4858	1367
1552	3853
40	5011
5011	178
4619	5011
1391	3426
1391	1393
5012	1391
1391	2097
1391	2012
89	1391
2897	1391
1391	43
3122	5068
231	3122
687	1391
3122	3952
4241	3122
3122	4231
3122	226
227	3122
3065	3518
3517	3065
4422	3065
3515	3065
423	1293
1294	3065
700	1974
3147	700
1669	3427
1669	665
1674	1669
1669	1676
3515	1669
1669	1673
1804	4191
1669	4422
85	77
79	85
85	82
83	85
85	86
3507	85
3065	5147
1651	3065
1573	3065
3065	1653
3065	1676
3065	1674
3065	1673
3065	1672
3065	1669
3065	1667
3669	1580
3669	1583
3733	3669
1260	150
3669	4851
4856	3669
3669	4855
3669	4857
3669	76
76	4864
76	1135
3708	3669
85	75
5	76
1580	76
1583	76
3293	1032
1716	3293
624	4488
3651	4488
2766	3283
2822	3283
3283	101
3285	3283
2660	2897
2660	2676
2506	3283
3283	3958
2917	980
980	4686
578	2301
2041	2301
1119	3563
3563	2819
4557	4870
5012	3563
1418	392
392	4202
3563	89
4207	392
4506	4488
4095	4488
4488	4445
4488	4038
4239	4488
4488	2773
3701	4488
4460	4488
1013	2813
5133	2081
3671	5133
5133	3673
2748	2813
2813	2815
2813	2059
2813	840
1379	1119
2477	1119
1119	2676
4563	1119
5189	5133
978	976
1119	4766
1391	1119
5000	3529
3529	4972
4448	1715
4207	1082
3329	1082
1082	4686
4448	1082
1082	4945
5031	2369
3100	3529
3529	3668
3529	2595
3529	3180
3529	2603
3529	4846
3529	2597
993	3536
4530	993
993	4907
2515	993
993	941
476	993
993	401
992	993
4325	993
993	3127
585	993
993	762
993	4917
993	2391
996	993
1433	993
3767	2957
3767	4866
3767	895
1450	3767
5126	3767
3767	3611
3767	2938
2940	3767
4455	2950
3767	811
4274	3767
4394	3767
3767	4644
5157	3767
1716	3767
2686	3767
2897	3052
5012	2897
2949	2894
1224	2949
2949	2987
3157	2949
1748	2949
2949	2761
4207	2031
2031	4325
4157	2897
2897	4766
2897	2676
1379	2897
1900	2897
4563	2897
4422	2031
2031	2201
3254	2031
2031	3256
2031	547
2031	2390
3972	2031
2031	4496
4506	2031
4488	2031
2031	121
2031	4627
1673	2031
2031	1669
2031	1573
1674	2031
2031	1049
2786	1705
1705	4921
1329	1705
3775	2031
40	2031
2031	145
1599	2031
2665	1775
2642	1775
1775	253
2380	1775
2964	1705
4638	1705
1775	1643
1775	3991
1775	895
1775	1703
1775	5131
1775	1984
1775	1780
1777	1775
255	1775
924	1775
1792	1775
1775	4400
1788	1775
4464	1775
1775	4773
3216	1775
3206	1775
1775	4354
4354	4445
4459	2665
1030	1775
1775	4816
1703	4459
4459	255
2642	4459
4459	253
4459	4354
1683	4459
4464	4459
4459	4417
4464	4874
1643	4464
4459	1596
2205	4459
4464	3893
2642	4464
4464	4445
1703	4464
4773	4464
4464	991
1788	5051
1788	5131
4400	3668
1788	1703
5131	4400
4400	1646
4400	892
1703	4400
4400	1788
4400	924
4400	1792
3137	4400
2603	4400
4400	2596
4400	4842
4846	4400
2597	4400
4400	5002
3791	4400
4400	3206
4400	3216
4490	4400
4400	219
4419	4408
4408	3675
4408	43
3137	3540
3821	3137
3137	3776
3137	3764
3761	3137
3137	3801
3137	3929
3137	695
3520	3137
3521	3137
3137	3523
3500	3137
2008	3137
5156	3137
3137	3142
556	3137
331	3137
4907	3137
3137	2938
2760	3137
3506	3137
117	3137
3519	3137
3504	3137
3234	3137
526	3137
521	3137
1622	3137
1523	3137
1832	3137
2826	3137
3137	4895
2447	231
2447	1805
3290	2447
2447	2781
3147	2447
5112	2447
2447	5111
5110	2447
2443	2982
2443	3079
2443	5010
2443	5011
178	2443
2443	1863
4619	2443
2443	3683
4362	2443
3952	2443
2443	1545
2752	2443
5009	2443
2443	231
3675	2443
1949	2443
4631	1033
1033	4392
4465	1033
4462	1033
222	3745
3745	3344
5088	1349
1349	4644
632	4977
4977	357
4530	4968
2595	4968
4966	4977
3791	4977
4977	4274
4977	2423
4846	4977
2597	4977
4977	5002
5001	4977
4977	882
2603	4977
4977	2604
2596	4977
4977	1659
4907	4977
4977	1450
3609	4977
3063	4978
4978	3820
3668	4977
4847	4977
4846	4978
2596	4978
3791	4978
2597	4978
3668	4978
632	2608
4978	2604
4978	2595
4491	2608
2608	4490
2608	3820
2608	3063
3791	2608
3553	2608
4966	2608
2608	4970
5005	2608
5000	2608
4846	2608
5002	2608
4843	2608
4841	2608
4867	2608
2608	2596
2604	2608
2603	2608
4464	2608
2788	2608
3342	2608
2608	3429
1659	2608
4907	2608
2608	2394
1077	2608
2595	2608
4530	2608
3292	2608
2608	3668
2608	4685
357	3137
4894	2271
2390	2271
4917	2271
2391	2271
5131	2271
2271	3893
924	2271
2271	1703
991	2271
1788	2271
2271	3053
2271	358
4816	2271
4704	2271
3952	5069
5069	4159
242	4833
5126	4833
5068	4833
4833	1416
3675	4833
231	4833
4833	4839
3797	4833
4833	4632
4833	5011
4833	4231
4833	3117
2590	4833
2591	4833
4833	4649
762	2271
358	992
992	587
3705	992
992	1130
992	2789
418	992
1175	992
992	3989
4179	4675
1644	289
357	992
992	1104
4833	3952
4833	4240
2396	4675
4138	4675
358	993
3053	993
1130	993
993	2319
3087	993
992	3127
993	1175
993	1599
992	2391
992	4895
3123	992
3027	992
2183	992
2933	992
3536	992
2515	992
2407	3712
4652	3712
3712	5090
3712	5088
509	3712
3712	4686
4236	3712
3712	4228
5114	1033
5126	1033
1344	1033
5071	1033
3714	3712
3714	3691
3986	1171
2214	3714
1033	5155
1418	3691
4179	3691
2964	3691
4465	5155
4392	5155
5155	4361
1716	5155
3691	289
3691	687
3712	5062
3090	3712
2214	3691
1796	3691
3691	3147
3691	5088
5155	5126
5155	2940
5155	1418
411	5155
5093	1157
5093	1772
3775	5093
4283	5093
5155	4462
924	5155
892	5155
895	5155
5155	1344
5155	1703
5071	5155
5155	5114
4060	5069
5069	4064
2590	5069
2591	5069
227	5069
3117	5069
5069	3675
5069	231
4207	5093
2717	5093
2302	2893
4638	4984
4968	3315
3733	3315
5069	687
3315	4187
2880	2698
4687	2880
3217	2233
821	289
3775	2880
2878	2880
2880	4686
2880	3697
3212	1703
1780	3212
374	3207
3207	2196
640	3217
374	3217
1788	3212
3217	5157
594	2018
204	594
259	594
1195	2880
4913	667
761	667
2081	640
305	640
2880	810
145	2880
1332	2880
2880	1796
2880	1196
3771	2880
665	2880
2880	4093
1692	5114
1692	5071
1692	1703
1344	1692
1692	1189
895	1692
892	1692
1692	924
1262	3053
1262	2423
1262	4456
2537	1261
5024	5025
1692	411
1692	2938
5126	1692
3732	1251
3732	2301
5051	3207
5131	3207
892	3207
1703	3207
3207	219
1780	3207
4462	1692
1692	255
1692	4392
4465	1692
1596	1692
1692	5155
2882	1373
2196	1692
3328	3053
4473	4913
3705	3328
3328	358
3328	941
1130	3328
180	3328
281	3328
3328	4530
4179	3328
1134	3328
1832	3328
2319	665
3328	762
2319	916
2319	5088
783	1271
3975	1321
3975	4179
4022	3975
1104	4473
4473	1182
1886	4473
3348	4473
4473	991
4805	4473
4473	4907
4473	4469
4481	4473
4475	4473
4919	4473
4473	4894
667	991
667	5056
1886	667
2104	667
667	2030
667	476
667	513
399	667
4481	667
667	4469
115	667
4907	667
4894	667
667	4891
4917	667
667	1225
2781	2319
2319	1225
2319	2057
2033	2319
4138	3499
4179	3499
3499	3733
3499	4675
667	1104
667	695
4638	667
667	5135
667	4473
2319	667
667	1866
4040	667
3523	3787
3521	3787
3787	3519
3787	3504
3787	5156
3787	769
3500	3787
3787	3488
3787	3540
3787	556
3787	3137
3787	3142
3787	3147
3787	3801
3764	3787
3821	3787
4448	4231
4231	5088
4231	1418
4231	3952
2781	1075
3426	1075
289	4231
1075	4608
3546	1075
3548	1075
3972	1075
4597	1075
3342	1075
1075	2534
3549	1075
1075	3525
4968	2041
4907	4968
3853	4968
2039	4968
4968	2604
1737	4968
4968	4867
4968	2601
4843	4968
2596	4968
4968	4846
4841	4968
5002	4968
2597	4968
4968	5000
4968	5003
4968	5001
4976	4968
4977	4968
3791	4968
4968	3063
4968	4491
4490	4968
4968	2894
4968	578
3787	3234
3787	521
3787	523
3787	3145
2826	3787
117	3787
3787	3506
5	2414
1690	3675
1612	1690
5020	1690
2702	1085
1088	1085
1085	3878
1076	1085
2591	798
798	511
950	798
2255	4257
2408	3854
605	2408
2412	2414
2414	3361
3536	1262
1262	5057
1262	2391
3319	1262
1262	3127
1262	2121
798	1270
1830	1695
1262	358
5088	1262
1262	401
1130	1262
993	1262
1262	992
1262	884
1262	941
1088	1075
1075	3878
1075	235
5072	1075
4936	1075
2301	1075
1074	1075
1080	1075
4595	1085
3466	1085
3972	1085
4344	1085
2702	1075
1251	1075
1054	1075
289	1075
3550	1085
1085	3525
1085	3342
1085	465
4597	1085
3546	1085
1085	3548
1085	3549
1085	4936
1085	1080
1075	1085
1085	1074
2955	1085
2534	1085
2335	1085
4933	1085
3358	117
4239	3358
2584	3358
5141	3325
4286	4704
2541	3358
263	3358
3358	1758
3429	4017
3419	4017
4017	3344
2196	4286
4378	2143
4154	4378
4093	4378
4378	1177
4286	4645
4286	2390
298	2031
2940	4286
3675	1008
1008	2781
2799	1532
3638	1532
4286	2012
3733	4286
1961	4239
1589	4286
5126	4286
4931	4286
3791	4286
4286	5171
2822	2506
4187	2515
1969	2502
2065	2502
2502	2667
2502	1773
3958	2766
3958	3285
3707	1321
2822	3958
3700	3707
3703	3707
2506	1692
2924	3955
5114	2506
3285	2506
2766	2506
5141	4202
2188	5141
4448	5141
5141	2268
5141	3072
4207	5141
4017	289
4017	1796
2988	440
258	440
5	440
144	440
3993	3733
3993	645
289	5141
1599	2515
2515	3087
2826	521
523	2826
117	2826
2826	3519
3520	2826
2889	4799
3523	2826
2826	3500
5156	2826
3142	2826
2826	556
3540	2826
3764	2826
2233	2515
2515	4917
184	2515
996	2515
2515	1433
2091	2515
4907	2515
3521	2826
4961	2515
401	2515
941	2515
2972	2515
2515	991
358	2515
2515	1262
400	2515
2515	3053
180	585
1832	180
1068	1748
180	816
4654	145
4589	3188
834	3675
4179	4138
2541	3355
4701	3355
2470	121
2229	2470
2722	2369
1748	1634
3355	2584
2722	2781
4568	4799
4565	4799
3434	4301
1897	3473
4954	4654
3770	4799
4799	1242
4799	4560
4325	1748
5174	4799
4799	1076
4799	5069
2826	3801
547	1748
1748	1623
1748	4798
4481	4895
4475	4895
411	924
4895	4469
4895	4891
4895	1087
1225	4895
4917	4895
762	4895
4895	761
4895	4040
4798	4895
4465	411
411	4462
411	1033
411	4392
411	1344
411	892
886	411
3299	46
4589	3197
5126	411
5114	411
5071	411
4022	2964
4022	3733
4022	2012
4895	4894
4022	3081
4022	3536
1705	4022
991	4022
3087	4895
2515	1883
762	2515
2515	4325
3127	2515
3295	4034
2275	2369
2275	3701
2932	1134
2275	4506
4488	2275
2275	4038
2750	282
2750	3709
4638	4895
4895	5135
4895	2817
4907	4895
4895	1068
2699	4895
4895	1270
1182	4895
4895	1866
695	4895
4895	2319
4095	2275
5056	4895
4895	1886
4895	399
991	4895
4895	510
2736	4895
2932	1130
992	2932
2932	3328
2972	2932
2932	3989
358	2932
4530	2932
3053	2932
4179	2932
3536	2932
2932	2183
2515	2932
2932	281
2178	2932
2676	4563
507	2932
2932	400
2932	763
1829	2932
1832	2932
2932	1433
3319	2932
14	2932
4661	1829
5044	1829
3541	1849
3541	393
2091	3541
3743	3757
3127	2932
2932	762
941	2932
4911	1966
3709	4638
2205	4757
4773	4757
2665	4757
201	4911
4911	4469
4911	4913
4547	4757
1703	4757
4757	5126
4757	253
441	145
4757	4464
4459	4757
4445	4757
1391	4563
2660	4563
4563	2634
4563	2940
4757	1643
3894	2932
3563	4563
4563	4766
418	2932
2932	3087
2932	1175
1599	2932
4563	5012
4757	1683
4609	3269
4563	3052
3419	4456
1453	5076
3419	3420
3419	1238
3419	991
3714	3419
3342	3419
3419	3675
5076	2788
5076	3733
5076	2257
5076	5044
3708	5076
2893	5076
5076	4915
4907	5076
5074	4931
3956	5074
4645	5074
4456	5076
5076	3836
665	5076
1796	5076
5076	178
4778	2955
4778	1013
1014	4778
4778	2786
5074	3681
5074	5001
4644	5074
2686	5074
3610	4668
5126	4204
4902	5126
2940	5126
4778	1705
4778	2964
4778	2663
4778	3854
892	5126
886	5126
5126	1953
5126	775
2938	5126
3893	5126
5126	5114
5126	895
5126	2686
4465	5126
2449	5126
5126	4644
5126	255
5126	4182
5126	4462
5126	899
3342	4605
3546	4605
4470	40
4936	4605
43	5126
40	5126
5126	2879
376	5126
309	305
309	556
237	239
3117	239
865	2041
865	319
3599	865
865	3290
865	3391
145	865
3900	865
865	1796
867	865
867	3936
865	94
1363	865
3097	2698
3097	3481
4227	867
867	1363
3697	3097
3097	4448
3097	4361
4330	3097
2934	236
3097	3771
2369	3097
3097	1796
3422	3429
3429	3969
3722	3429
236	2937
3961	3429
3798	3426
3426	2175
3426	918
3426	3433
3426	3969
3426	2697
3426	1199
4005	3426
3963	3969
3963	3426
3414	3963
3963	1931
3963	4848
3963	3193
2951	3963
1054	3963
3963	5121
3433	3964
3964	3429
3964	3426
3964	3969
3964	3414
3422	3964
3964	3420
3419	3964
3419	3536
1076	3964
3419	2735
3952	3419
3419	3961
3419	3422
2743	5098
5098	2379
3710	5098
3629	4686
449	4724
4724	4093
5172	4724
4724	2444
4724	5146
4614	4080
1374	4724
4724	3675
4724	4708
4724	1323
3970	3418
4727	4724
4178	5098
4080	2882
4411	2039
4080	919
4080	1373
1883	4080
4080	1779
4615	4080
2786	1014
1113	5098
5098	5077
4274	5098
5098	4418
5098	1877
5098	2408
5098	2781
741	2786
3499	2786
1879	2786
4411	4457
2786	4481
2799	2786
2786	1013
2786	1130
4358	4851
2786	996
2786	4022
2938	2012
4411	2033
3290	4358
4411	3391
1815	1813
238	239
2869	4955
3234	2938
245	239
4955	3931
4394	2938
243	239
2938	4638
3791	2938
1344	2938
3699	3700
2938	4866
3893	2938
2786	158
3936	2938
1903	2938
1318	3699
2360	2781
3699	3706
3699	2387
4686	2360
4468	3704
2667	2360
2360	3237
3707	3704
3704	1321
3707	5
3706	3704
1318	3704
2360	1993
3704	3703
5	3704
3254	2936
4456	2360
2936	3237
2360	3214
3254	2360
2936	3253
2936	3361
3255	2936
2360	3193
3362	2360
2360	624
2360	3256
907	338
2597	2360
3775	2360
2360	620
441	338
338	1225
338	3781
1502	338
338	3851
338	3712
879	338
3369	2936
2936	3362
624	2936
2936	3367
1674	2936
620	2936
338	4151
2936	665
289	341
865	3418
3434	341
3431	3418
2090	3157
3418	3961
3418	3429
338	4274
3418	3426
338	1254
1349	338
338	1665
969	338
2964	341
2164	338
4286	2938
957	338
3473	1348
3473	3805
3473	2597
3473	121
235	3473
2229	3473
2869	3473
3473	357
2369	3448
2227	3448
3264	1418
1293	3264
3264	4331
289	3264
3344	4565
296	3344
258	2394
3002	258
4310	258
258	5171
5062	4917
258	3826
5062	509
3972	5062
5062	4236
5062	4238
511	5062
4235	5062
695	5062
5062	1347
906	3473
3473	1463
401	949
949	2012
949	393
3675	949
2667	431
2065	431
5088	949
949	2947
2534	313
313	1796
313	4044
884	313
313	665
313	2942
313	3029
5088	313
905	1788
1780	905
905	1777
905	255
1703	886
886	5071
1596	905
905	1683
1780	886
1777	886
886	924
886	895
1683	886
886	4417
886	4400
4392	886
1033	1186
1186	1692
3213	1186
1186	1683
1186	1792
4417	1186
1186	4354
1186	4361
2879	1186
905	3525
905	1703
892	905
1596	1186
1186	219
1186	4390
1186	4773
1186	895
1344	1186
886	1186
892	1186
5131	1186
1186	5114
1703	1186
5071	1186
1186	4465
1186	4445
1186	4400
1788	1186
255	1186
924	1186
1186	1780
1186	1777
2371	1189
1189	1683
4400	1189
4354	1189
1788	1189
1189	4392
4462	1189
4465	1189
411	1186
1186	5126
1186	1643
1186	1894
219	1189
4390	1189
1189	1596
1189	1040
1703	1189
1189	5114
5126	1189
253	1189
1189	1894
1643	1189
1449	1219
1449	4178
1189	4464
1189	4445
1189	1780
1777	1189
255	1189
1189	924
1189	895
1189	4547
308	1441
1442	1441
4178	1444
1441	4056
2699	1444
1219	1444
1195	1444
2819	1444
4462	1344
5071	1344
1344	4392
4465	1344
3952	1441
2298	1441
3611	1441
3609	1441
2518	4984
2518	4881
2518	4093
2301	2260
2260	1251
2277	2272
5126	1344
5114	1344
1792	1646
1646	4417
1646	4361
2371	1646
1683	1646
1646	1596
1646	4390
3609	2518
1646	924
1703	1646
1646	5051
1646	5131
1646	1788
1780	1646
1777	1646
255	1646
3952	2337
2339	2115
2339	2817
2699	2339
3156	2337
2337	3361
3256	2337
3426	2337
2802	2543
2699	2802
3691	2696
3762	2696
1159	2339
5090	2339
2802	2817
2802	2819
3466	2696
2946	2696
3722	2696
3798	2696
3414	2696
2696	2697
3429	2696
2696	3426
3548	2123
3548	5121
3548	1054
3548	2702
1074	3548
3548	1080
1088	3548
1076	3548
4933	3548
3548	2335
3548	2384
4936	3548
3342	3548
3548	2696
3548	2534
4848	3548
3547	3548
3549	3548
3548	3550
3548	3525
3548	4605
3548	4595
4597	3548
3546	3548
4394	1034
357	1034
3466	3548
3426	3548
1452	1034
1034	1415
3893	1034
1034	2126
962	1034
1034	999
5044	4245
3193	4245
4638	4343
4343	2018
3302	4343
393	4343
2018	4344
2789	4349
418	4349
4349	1599
1175	4349
4349	3894
3053	4349
4349	358
2972	4349
1262	4349
4349	992
1130	4349
941	4349
4349	993
4349	2515
4349	2933
1418	4349
4349	3536
4349	996
4349	3319
2391	4349
1433	4349
4349	762
4349	2932
807	672
4022	807
145	620
665	620
4179	807
807	2535
807	996
4530	807
807	3733
3499	807
2202	807
807	1130
3436	762
4087	3436
807	1589
807	972
145	3436
3436	3854
1796	3436
4251	3436
741	2955
2955	4924
4931	2955
5076	2955
4565	2889
2933	358
2933	3319
2964	2955
4359	2889
3952	2889
2889	4800
2889	296
625	3373
3374	625
1674	625
625	1651
665	625
624	3237
3253	624
624	3374
624	3367
625	624
665	624
4422	620
3237	620
620	3255
3253	620
620	3361
3373	620
620	3362
3367	620
3374	620
624	620
625	620
1667	620
3515	620
1672	620
1669	620
620	1674
1673	620
1653	620
620	1676
4912	620
620	1651
3374	3361
3362	3374
3255	3374
3374	3253
3374	3237
3256	3374
3362	665
2936	3374
3369	3237
3256	3369
3374	665
3369	4422
622	3374
2301	3374
3373	3374
3374	3367
3369	1679
1674	3369
1672	3369
620	3369
3369	622
3369	3367
3373	3369
3369	3255
625	3361
3253	625
625	3255
625	3256
3237	625
665	3369
1651	3369
1653	3369
3262	3361
3362	3262
3262	3373
3262	3374
3369	685
3237	3262
3262	3256
3262	3255
665	3262
3295	3262
4839	3832
231	4839
3367	3262
625	3262
3262	624
620	3262
3837	4839
4839	3799
4839	3183
4839	3841
3569	4839
4839	4849
4839	3796
4839	3589
3362	1674
3362	1667
2241	3362
3362	1676
1133	4839
4839	3855
4839	4638
4839	5072
2473	4228
4228	1347
4228	511
4235	4228
4226	3972
4907	4226
4895	4226
4917	4226
4228	5066
3972	4228
4895	4228
4228	2658
4228	4236
4228	4238
4228	509
5062	4228
695	4226
4226	1270
4226	511
4226	1347
4667	685
685	3191
4226	2473
685	686
4226	5057
4226	509
5066	4226
4226	5061
4226	4236
4235	4226
4228	4226
4226	4238
529	1131
3111	529
4093	529
4730	529
4182	2819
4881	4182
4184	4422
4638	4182
941	281
180	281
3499	281
1130	281
529	3633
963	529
529	620
4671	529
2476	2478
1776	3599
4080	1776
1293	1776
1159	2082
709	2082
2082	2819
2115	2082
4422	2534
4422	3515
4422	1667
1673	4422
4422	1674
4422	1676
4422	1679
1653	4422
2817	1997
2699	1997
1589	1997
1997	556
4187	1997
1997	5171
2120	2132
2120	4093
2120	1747
2122	2120
2120	2125
2120	2086
289	884
884	2701
374	884
4093	884
4530	281
4179	281
1832	281
996	281
816	281
281	585
882	289
281	1134
3084	2059
2268	882
3476	2059
3475	2059
3852	2041
2059	2064
1997	2819
2041	840
3953	3344
3344	2819
3711	40
3711	1754
3344	4749
42	3344
3344	2817
2699	3344
3344	231
3344	3770
4649	3344
3344	1769
4800	3344
4799	3344
3344	1242
3344	484
1796	884
2917	884
145	884
884	3029
2527	884
884	4686
3697	884
884	1881
4044	2113
4895	1755
1822	706
2698	884
3711	2995
145	2538
2538	3029
2113	1293
2213	456
1739	2213
2213	2718
2213	4495
2213	736
697	2213
2213	2606
1566	2213
1878	2213
2213	3118
2213	2303
2213	1011
2252	2213
633	2213
2882	2213
1729	2213
2387	2213
2213	3420
2213	4864
3498	2213
2213	5169
2266	2213
2213	1950
2213	4121
3983	2213
2226	2213
3886	2213
559	2213
4906	2213
2925	2213
3472	2213
2213	3110
2213	4441
1276	2213
488	2213
1608	2213
2213	2724
2213	1853
349	2213
2213	4969
2213	701
112	2213
2730	2213
2213	4567
3565	2213
2213	233
1012	2213
957	2213
2213	1694
2213	2135
2213	2409
4153	2213
4443	4901
2213	3811
2654	2213
2213	1474
737	2213
2213	4892
4886	2213
2213	3552
2213	2445
2966	2213
551	2213
3073	2213
2213	4937
2213	1652
2213	2840
2213	3415
2222	2213
2213	266
2213	2201
5031	2213
3125	2213
3300	2213
2213	4395
98	2213
46	2213
1413	2213
2213	4166
2717	2213
2213	4492
2213	784
4617	2213
3618	2213
2213	4414
2213	93
1670	2213
775	2213
2213	509
827	2213
981	2213
2990	2213
2213	5032
249	2213
2213	2053
2213	2149
2213	4600
3485	2213
3891	2213
2471	2213
2551	2213
2213	1282
5055	2213
517	2213
2213	3690
2213	1526
2213	2926
2213	366
2213	356
2213	4025
2213	4960
1236	2213
3603	2213
2213	2892
2213	364
950	2213
5030	2213
2213	4409
2755	2213
2468	2213
2213	1666
548	2213
2213	3325
2213	788
1138	2213
2213	3408
3039	2213
4033	2213
2267	2213
2384	2213
2241	2213
879	2213
1776	2213
2213	1808
173	2213
3895	2213
3617	2213
2213	3114
2213	69
1419	2213
1373	2213
3026	2213
2213	1609
4013	2213
2795	2213
4507	2213
2213	4419
2213	1727
2213	3225
150	2213
3261	2213
4466	2213
2213	1149
1309	2213
2213	616
2213	2922
4711	2213
2213	482
3441	2213
2213	2544
2443	2213
1219	2213
2213	631
3993	2213
3490	2153
1129	2213
2213	4000
2213	2602
3769	3044
304	409
3490	2157
4715	2213
1910	89
2213	3383
3383	3300
3769	2213
4848	3563
3563	2897
1379	89
89	89
3563	90
2786	2938
5012	4364
4364	90
2940	4921
4848	90
2786	4921
2786	2940
2199	2199
2213	4438
4848	89
3044	2199
4208	4294
4311	4208
4304	4309
4208	4304
4300	4294
4208	3453
4921	2938
4300	4304
1720	4309
4304	4305
4294	4317
1652	4309
4311	4294
4309	4309
4305	4294
4304	4311
4317	4311
4294	4315
4315	4315
3454	4304
4317	4304
4317	4309
4317	4317
4311	4309
3452	4294
3452	3452
3453	3453
5040	3983
4309	3454
3454	3454
4294	3462
3453	4317
3955	2838
5157	5066
4848	2584
1288	2584
5066	4673
1282	2198
1367	4855
5040	5041
1270	5066
3858	2655
178	2986
2986	2986
2230	2986
2883	4662
3194	3194
3955	1964
511	2658
4507	3283
632	4716
2658	509
5044	178
3194	2090
697	3265
578	1656
3285	4507
4016	2213
4507	4507
1067	4507
1067	2766
3820	9
2766	3167
3167	4507
1324	1328
2090	3671
2090	5133
3672	5189
3285	2766
353	1454
3673	3672
3969	3420
1161	354
1421	955
4858	791
2751	1329
2090	3673
1382	3836
3836	4067
633	354
687	2532
790	5047
4709	790
3920	461
3218	790
955	955
5047	5047
2704	790
5047	2607
1773	3283
4709	3218
3218	5047
2337	595
1165	790
2766	2822
1165	3218
2204	2350
242	238
4555	4555
3945	3945
770	1752
2534	3342
4317	4208
1873	1752
4245	511
4578	893
5070	633
511	4238
9	1913
1758	176
3261	3711
2650	9
2001	2001
5180	5181
5180	5185
3204	3217
3215	3215
2959	2958
3217	3217
4236	511
3285	2822
3212	3212
924	3213
4632	4632
5189	2090
1001	3681
3511	3511
1945	2305
57	70
2844	948
2844	947
1208	2714
2714	1214
4383	1328
4377	1324
1886	4040
4383	1324
895	892
895	4961
3212	895
895	3216
3048	3517
2989	2989
895	3206
4400	895
3048	1651
895	1788
895	5131
2865	895
1792	895
895	1780
895	905
3044	4716
1703	895
2204	5085
633	633
895	5051
1506	1504
895	219
4391	895
2018	2785
2764	2783
4556	5047
2773	3021
5085	3327
2910	2855
3021	2762
3100	3180
2506	2776
701	1049
3033	3190
1049	2992
3020	2764
2778	1064
2992	3116
2783	3020
4769	697
4768	4768
4769	4769
1064	2776
3893	385
3116	701
385	1974
697	4768
4377	1328
2938	4631
144	3167
4330	385
2196	4631
4781	697
2983	57
4377	48
3800	3261
991	3640
611	611
3730	3548
3643	434
4296	132
2582	991
613	611
4206	132
3525	3730
4305	4305
4309	4206
3525	3550
2161	492
3549	3730
3549	3525
2350	3327
1828	2869
1449	2458
1547	1549
2582	4517
339	17
17	30
1200	3327
4207	4899
395	4704
395	991
395	4517
611	1913
56	84
2144	996
701	2458
2118	1417
5119	4595
2213	4723
4875	5188
5188	1417
4875	2118
2855	2118
1642	3256
3361	1642
3025	2279
3025	2457
3048	3368
3730	4595
3048	3256
1642	3368
3213	895
2854	3044
3299	492
1670	854
2164	492
492	2166
4309	4296
2094	2127
1953	4183
4875	4386
2127	1858
2127	2092
2127	1814
2092	1858
767	3044
4592	2582
1858	2094
616	3999
946	3393
2193	3419
4627	616
307	1522
3131	616
2221	4716
3692	4063
3275	3712
139	687
594	915
4773	5032
3393	945
915	258
70	945
1721	3351
3426	2193
3264	3737
3802	3264
4763	3025
2123	3737
110	533
3419	1083
258	3005
57	307
3419	3963
3961	2193
3419	1082
3419	3433
2193	3420
2193	3422
2193	3963
2337	3048
3048	2339
4848	3048
143	2478
3262	3048
2981	57
2244	1949
3048	1080
57	74
1165	800
800	4709
1549	1549
2598	2829
2477	2478
2478	1967
2981	74
1913	613
3351	70
3429	3237
613	613
139	3080
259	139
2888	3948
4949	139
1590	3262
1590	312
1642	3365
3237	1590
3048	312
1590	3255
2337	1590
312	2337
2128	3044
260	881
2915	2915
4534	745
1117	3275
2915	1117
3366	260
143	1117
2799	5090
147	260
2799	1159
943	2037
2135	95
709	2799
3092	2135
2082	2799
110	110
3277	1117
2849	1117
3416	1117
3411	1117
1117	147
881	1117
1117	3364
3366	1117
260	3275
260	2849
260	3411
3277	260
260	144
3364	260
3416	260
1796	812
4960	1131
1131	3344
4634	4634
1001	4207
3466	1796
3466	2031
812	2031
3723	2443
2471	2478
3208	4863
4204	2031
2018	3471
2446	3723
3723	764
3723	285
2038	884
2031	2337
4892	2135
884	2033
2399	3994
943	2038
3084	840
3994	2873
4204	1001
4207	4207
3994	2401
4204	4204
4529	624
884	2037
4207	4204
4529	3972
1651	622
709	3262
1651	3237
4912	3262
5090	3262
1651	3362
622	3262
3262	1159
622	3237
2255	981
2936	3262
620	622
981	1987
1080	1651
981	981
4177	981
3368	1651
2800	93
3749	446
93	4241
78	78
3367	1651
3374	1651
3365	1651
3253	1651
1651	3361
624	1651
1651	3373
517	93
1651	3254
1651	3256
3262	1651
5188	943
431	2036
5188	431
144	2915
2036	2065
3366	2915
2915	3364
2222	4175
2915	147
3411	2915
2915	3416
143	2915
2915	3277
1117	144
2915	3275
442	431
55	1960
2243	4114
2157	467
676	1960
3490	4719
1671	2128
3237	4912
3490	2221
2993	4709
3300	3490
3769	2098
1564	2098
4723	4630
4556	2993
4158	2243
3769	4556
2623	2617
3325	3325
2161	3325
4657	4657
4657	2087
4169	3692
4169	4734
3044	1642
2626	2620
4124	1369
2617	1369
2224	2623
2224	1369
4124	2623
1369	2623
2224	2620
2623	2620
4534	4534
2617	2620
1369	2620
2623	2626
4124	2620
371	371
2224	2626
3843	3843
881	2915
1980	1980
4937	4937
3469	3469
1207	1207
884	884
4322	4322
4772	2339
1755	2458
943	466
3970	4772
2458	5187
2803	4565
4772	1440
1974	4556
1806	4565
1479	4565
478	147
4565	1054
478	2033
471	943
4565	5121
465	2033
2667	465
943	477
943	478
3325	2752
465	147
2234	465
943	465
465	2036
2213	4175
465	471
478	477
3048	1642
3325	2164
2164	2752
3325	492
477	465
4556	2387
2064	1601
1601	943
569	4129
5188	2033
1629	4556
1124	4556
1609	943
3452	206
5188	3853
5188	2042
2041	5188
2036	2041
4629	4629
809	4634
3852	5188
2033	2036
2036	3852
2039	2036
2036	3853
578	5188
442	2039
2036	2042
2039	5188
2041	442
442	2042
578	442
2033	442
442	3852
800	1974
442	3853
578	2036
1083	1083
1974	1974
1590	1590
330	330
5045	5045
4175	4175
2135	2135
4807	4807
94	94
4556	5
3147	3147
4709	4709
2369	2369
4509	4509
2388	3703
2316	2316
3699	2388
3707	2387
3707	2388
4556	3707
2387	3703
4556	3699
3703	4556
4556	720
4556	1015
3656	4556
4556	1165
2388	2387
2388	4556
2388	5
5	2387
569	3894
3513	4175
3061	4631
4554	4554
879	889
5114	886
5071	5114
895	5114
5114	892
4176	1196
1196	5167
4462	5114
700	1196
3580	1196
1196	93
1196	1757
1196	2265
4655	908
4655	5059
2484	4655
1196	1196
1870	1196
1196	726
93	93
716	4655
4655	354
2734	4655
4655	2825
2755	1196
1362	4655
5159	4655
3917	4655
4655	2882
4655	2586
1313	3076
3076	4848
309	3076
3382	4655
1969	4655
554	4655
3654	4655
4414	4655
2799	2115
4778	2115
1159	3549
2115	1159
1600	2213
3076	1286
3076	5010
55	2153
3072	3076
709	1159
4431	4430
1159	2453
2453	4848
2115	3193
4848	5090
3923	5188
2115	709
3923	442
2036	3923
3617	1600
2110	4326
2153	1960
4629	809
1981	2536
4547	1984
152	2213
1984	1984
4468	3699
4468	5
676	2153
4468	1321
4468	3707
4468	3706
4468	1318
4468	3703
4682	3699
5	4682
1984	4354
4682	1321
4682	3706
4682	3707
4682	3703
4682	3704
4682	1318
2404	2401
2399	2397
4468	3700
2399	2404
2875	2397
2873	2875
2404	2875
2397	2873
2404	2397
55	3300
3700	4682
3442	3278
1252	1268
934	932
3070	932
2873	2399
3299	3442
3278	2164
3442	2164
1754	2990
1405	428
1405	2995
1405	1754
4583	932
1754	2995
428	2990
2990	2995
428	2342
5014	428
2342	2995
428	1754
2763	3019
1405	2990
428	4725
4725	5014
2634	4963
1443	4963
4963	2063
1590	4963
4392	5114
2995	428
2563	4963
1670	4963
3052	1379
3052	2676
2995	4614
289	781
3052	89
4766	3052
4157	3052
3052	2059
4505	3234
5012	4766
5012	3052
4963	2060
3134	5016
4766	1900
4157	1900
1900	2676
2938	1271
5061	1271
40	4614
4415	1449
3733	1271
1271	4638
1271	4182
1271	4701
1754	4614
4614	2990
3052	90
3065	4615
4614	3711
3065	4614
4614	1405
3972	4614
3066	3358
3046	4631
2584	3066
3358	3356
1758	3356
2584	3356
2541	263
263	3355
1758	263
1573	4615
1758	3066
1758	2541
3046	2448
3046	2795
3042	3046
2976	3046
2541	3356
4354	1981
4354	2536
3356	1900
4766	3356
3356	2660
4563	3356
3356	4157
2541	2584
3356	5012
3356	89
90	3356
3066	263
3066	3355
3355	3356
2541	3066
358	400
3328	400
1130	400
400	993
941	400
400	2933
281	400
1829	3237
1198	4488
1198	2031
1390	2012
1390	5044
2336	3157
400	3087
400	418
3356	2897
816	400
585	400
400	3127
400	4325
1251	2185
2185	289
400	2178
4932	2185
4179	400
400	4907
400	3319
400	4530
1433	400
996	400
400	1175
1832	400
2799	3035
357	1623
3035	357
3035	2925
1634	1623
2185	5072
1068	1623
1224	1623
2185	3147
2185	4448
2185	1699
2185	3551
2185	4883
1829	400
2788	2185
4344	2185
441	5
441	3256
441	3775
441	1796
1623	1450
2812	3336
3641	3336
5016	3336
781	1623
1623	2352
1623	3609
1623	1441
2185	1406
21	441
1623	4325
4798	1623
5180	3349
718	5180
5180	3534
1403	5180
5180	3844
3831	5180
5180	1820
1856	5180
2910	5180
5180	2588
1295	5180
5180	3807
1284	5180
2810	5180
4830	5180
5180	3446
2638	5180
5180	2745
885	5180
5180	2437
5180	4103
1648	5180
5180	2837
1492	5180
1968	1955
623	1696
2029	1625
4482	1842
3096	5180
1408	5180
2830	5180
5180	1495
4794	1820
1856	4794
4794	2118
4794	3867
4794	2552
4794	5136
4302	4794
891	4794
5180	4794
4794	3807
4794	4830
4794	2910
4794	1284
4794	2810
718	4794
4794	1403
2638	4794
2745	4794
4794	68
2837	4794
2820	4794
4794	4381
4794	3866
4103	4794
1957	849
1957	2530
2338	2530
2530	1983
1408	4072
4794	1408
885	4794
4794	2437
1872	849
2853	849
849	3919
773	849
849	802
849	4039
4383	849
849	5136
849	3867
849	3739
1820	849
1856	849
849	3349
718	849
849	2427
849	1403
1284	849
1959	849
2857	849
1717	849
849	398
4057	849
849	3807
849	2910
849	3866
849	2670
2837	849
2820	849
353	849
849	2638
2437	849
4133	849
912	849
682	849
1408	849
1241	849
1408	4281
1956	4980
4535	4281
4281	1933
718	1576
1576	2638
1576	2853
3867	1576
3917	3381
3917	2820
2437	1576
2588	4678
773	1721
3354	1721
4794	5177
2437	3917
5180	1957
5180	891
5180	1983
5180	3694
2552	5180
5180	4061
5180	964
2853	5180
1408	553
3867	5180
5180	5136
4383	5180
2333	2484
3867	2484
2872	2484
588	2484
803	2484
3593	529
103	2484
2122	2484
1427	1408
2638	1427
4794	3494
555	1869
3067	2670
2670	4304
1840	1427
102	2425
1485	2910
1485	1066
4103	1485
1485	3098
4136	1485
1485	3919
1485	4930
2208	1485
1408	4744
3593	1408
41	84
41	1408
4101	2484
41	2484
2484	682
4378	3280
718	4276
4276	1856
1820	4276
4944	4276
3867	4276
4276	5136
4061	4276
4276	2168
4139	4276
4276	2548
4276	2853
3200	4276
1957	4276
891	4276
4276	8
1485	2013
3807	4276
2853	2530
4276	2910
2266	4276
3352	4276
4276	3303
1717	4276
4276	2810
4276	0
4276	1284
2813	4276
2226	4276
1403	4276
4276	2318
2162	4276
2427	4276
2530	601
2530	1284
2530	2437
1954	2530
1527	2530
1408	2530
4892	718
133	2474
2530	4061
1275	2530
5136	2530
4383	2530
1856	2530
3867	2530
3741	2530
2530	718
1470	3807
1060	3807
3521	3807
1408	3807
3209	3166
3166	1324
1066	3166
828	2291
3794	1284
3794	1387
3794	2638
2437	3794
3794	1408
3867	2887
1408	2887
3807	1957
711	573
860	573
4854	573
573	3867
573	1576
573	1284
573	415
2263	573
519	573
1039	573
573	3694
828	4493
573	5136
573	638
4091	573
3613	573
1820	4537
1856	4537
4537	3867
4537	4535
4537	2437
5180	4944
1066	4537
2638	4537
3196	573
2672	573
3166	573
2484	573
2437	573
4537	3881
573	1150
573	2638
3098	448
3098	2122
2851	3098
2069	1408
4136	3098
2069	2672
2638	2069
3814	2069
943	3098
3098	5077
3867	3098
3098	3001
3098	3654
3098	3919
2168	3098
2056	3098
2069	3209
2069	2923
1967	2437
2069	4637
3992	3379
4572	1956
2437	408
3874	1967
2069	4501
961	2069
2062	2069
2069	1956
2069	3867
2069	2366
4348	2069
3533	2069
2437	3098
3098	5042
1356	3098
3098	4105
1891	3098
3098	4103
2638	3098
3098	1747
3166	1491
4929	73
3141	4276
1472	586
5105	73
3098	1408
73	1882
3096	3098
61	3098
3098	2208
3741	3098
2910	3098
3098	4219
3098	1473
2963	3098
3098	2999
2530	3098
2484	3098
3098	2425
3098	4498
3098	1847
3098	125
3098	4015
2670	3098
3867	4103
4103	868
773	4103
891	4103
2263	4103
1820	4103
718	4103
5136	4103
2437	4103
2910	4103
4103	2837
1403	4103
1496	3098
4103	885
1408	4103
4103	2638
2638	4276
4276	353
2670	4276
4276	4105
4276	2437
2644	4276
614	4276
885	4276
4276	3096
2853	3943
4276	1408
4276	1495
1856	3943
1969	4103
4276	2830
1408	3943
3610	2910
3610	1403
3610	3866
3446	3610
3653	3610
1648	3610
3610	2638
4076	3610
3610	885
3610	2837
2830	3610
2437	3610
408	0
3610	1408
4537	1690
408	5137
1496	4136
8	3610
965	3610
3610	1957
891	3610
3610	2853
2122	3610
3610	4061
3610	964
5136	3610
4383	3610
1856	3610
3867	3610
718	3610
3610	3349
1284	3610
3606	4678
4903	2071
988	664
3867	2071
1696	4076
988	623
4076	2837
988	3535
1408	3866
2638	4076
2638	3866
5117	4076
4467	3866
3866	2437
1856	3866
3866	1648
1284	3866
3867	3866
1820	3866
3866	964
3866	5136
3866	4136
3866	2853
3196	1408
2644	3196
3196	2437
3196	885
3196	2745
3196	2638
4076	3196
2837	3196
2810	3196
2853	2285
398	2285
2285	3867
1954	3694
2013	571
3651	4010
1408	4010
2141	2285
2208	4923
2013	5079
4923	3097
1408	2013
108	2745
2682	4923
1474	4923
4923	1666
68	2437
1856	68
108	2437
68	2570
5136	68
4618	4045
68	2837
1851	68
2853	299
2071	1408
2820	3867
303	457
2437	2071
2162	2071
4302	303
5180	2071
2344	1954
1954	3352
1403	1954
1954	1284
1954	398
1827	1954
1954	2810
1954	5151
1954	1856
4046	1954
3083	1954
1954	3349
718	1954
2318	1954
1355	1954
2427	1954
3867	1954
1954	2552
2703	1954
1954	3919
1820	1954
4494	1954
2625	1954
5136	1954
1957	1954
1954	1983
1954	4684
1491	1408
2878	1954
2085	1954
964	1954
891	1954
3196	2853
3196	1820
3196	3867
3196	718
3196	1856
2318	3196
2427	3196
1408	408
4105	1954
885	1954
1954	2437
3096	1954
1408	1954
3012	1954
1954	1527
3196	5136
4076	1954
2069	1954
1954	1150
1954	3866
1954	2638
2745	1954
457	1954
1954	3317
1954	4993
3446	1954
1954	3807
2910	1954
3943	1954
1840	1954
1954	1492
1954	1648
3568	5180
2638	3568
3568	1648
2910	3568
3568	2820
1841	3568
1666	3568
3568	4076
1408	3568
5137	1696
3012	3568
3568	2437
4548	1696
1820	1696
4061	1696
2830	3568
4610	1696
1696	3867
5136	1696
1856	1696
1408	1696
1696	3943
3807	1696
2837	1696
4133	1408
1696	2437
2638	1696
718	4133
2285	3943
4133	2437
4993	4133
5105	1685
2437	133
2345	3606
2345	3874
4404	4381
1388	442
614	1227
3566	614
353	1883
1408	747
1388	2672
353	663
3568	348
1178	3568
2652	1666
2293	3568
3568	1957
3568	8
2853	3568
3568	3867
891	3568
5136	3568
4944	3568
718	3568
3568	3654
1856	3568
1403	3568
3568	398
3568	3349
1284	3568
3568	3446
2670	3568
3352	3568
3141	1346
3590	3141
711	3141
3141	2682
3141	4747
3141	2469
3141	4049
3535	3141
3141	1240
3141	1408
614	3141
3141	1263
37	3141
3141	1814
3141	1874
3141	718
1408	2639
1404	1408
3141	3632
2639	4611
2639	2122
3141	4117
3141	4404
4540	3141
1648	3196
2910	4105
3867	4105
4105	2437
2837	4105
2639	3807
3867	2639
4105	891
2285	1408
2285	2837
2638	2285
2745	1983
3196	2285
2285	4993
3807	2285
2437	2285
2745	4944
2745	2853
2745	5136
2745	3349
2745	4357
1841	2285
2830	2285
5077	2745
2745	2427
2910	2745
885	2745
2745	1403
2745	1820
718	2745
2813	2745
1856	2745
2656	2745
3243	1408
2621	3141
1178	3243
2745	4476
2745	1408
3243	4548
2820	2745
3097	3807
2162	3097
1856	3097
3097	2857
3051	2070
3097	4794
3097	2910
3097	2745
3867	3097
1408	885
2437	885
2293	3097
3097	1403
5136	3097
3097	2853
4944	3097
3867	3913
747	3913
3913	2162
3913	4256
4668	3913
407	1685
3913	2437
2578	3913
3097	1841
3913	2853
2071	2070
2638	3097
3913	2122
2625	3913
3913	57
2070	3885
2910	457
457	2670
4076	457
5180	457
457	5182
457	2837
457	1408
4476	457
4494	457
718	457
2810	457
457	1820
1403	457
457	553
457	4537
1284	457
885	3867
1132	2125
2716	3051
108	885
2638	885
885	1856
1295	885
2663	213
2830	457
2638	457
2437	457
2125	2118
2125	4618
2125	891
2125	1957
2716	4155
4386	2910
3349	4386
1856	4386
1403	4386
4386	718
4386	2552
4386	4061
3867	4386
4386	5136
8	4386
4386	1983
4386	2122
4386	1957
1685	1408
885	1685
834	1408
2007	457
2345	4934
3867	457
2853	457
891	457
5136	457
457	2122
894	1408
2437	4386
457	1957
894	4383
2638	4386
2810	4386
4386	1408
3807	4386
1284	4386
1685	3349
1685	1403
1685	3352
1685	718
1685	3867
1856	1685
1685	2427
4494	1685
1957	1685
5136	1685
1685	1060
1685	2853
1685	1983
1685	4357
1685	2552
1685	891
2437	1685
1685	133
353	1685
1685	3012
1685	4105
1685	2837
1685	2745
457	1685
3866	1685
1685	3807
2574	1685
2638	1685
2910	1685
0	1685
1685	1284
1685	2132
2644	2745
4830	1724
4910	1501
2837	2070
3416	3161
5166	3916
1736	4743
4670	1731
982	4999
1120	244
3595	3930
1519	2051
2662	2337
3595	131
2853	2644
2662	4196
2530	612
4794	2853
2837	1576
4335	1954
3665	1954
3943	398
2837	4276
2638	2745
2745	3867
2071	2837
2880	2644
4386	1820
2837	3568
1625	3568
2437	2745
1527	1495
2062	2162
1957	2638
3379	2122
3099	2837
2830	2857
1687	586
2625	2837
50	3807
3807	571
3665	4335
2853	2857
2857	4794
2122	4276
3807	553
553	912
1431	553
1495	4057
2142	1495
2266	1495
1495	2910
2160	1495
56	1431
1891	1495
2288	1495
1495	2437
4684	2837
4004	1495
1495	1408
718	3992
2837	490
3992	2437
2810	3992
3654	1495
1495	3497
2813	1495
3795	1495
1495	4139
1495	5137
320	1495
1495	2559
1495	489
1284	1495
457	1856
3900	1495
1495	1227
4426	1495
442	1495
2667	1495
2036	3351
3443	744
1724	41
1527	2437
4219	1724
2644	2830
2644	3012
1527	1920
5104	1495
1495	2120
1920	1495
4061	1495
1527	1263
1527	1486
406	1527
1495	4050
2638	2644
3446	2644
2644	2910
2644	3807
1648	2644
1284	2644
2810	2644
2857	2644
718	1724
2644	353
2716	2644
2644	2437
2644	1408
3943	2644
4076	2644
2644	2837
3919	2644
2644	1856
2644	5136
4091	2644
1649	3579
3867	2644
1957	2644
2644	891
718	2644
2644	398
2644	2427
2644	1487
4494	2644
0	2644
2644	1820
2469	2644
2549	2213
2213	632
4222	2213
3597	2213
2213	3869
2213	4662
3824	2213
1652	1722
4397	3732
4397	1465
1460	4397
636	687
4397	3031
4398	1094
4075	4398
2213	2002
3732	1094
3732	2744
2744	4397
3031	3732
4075	3732
1094	4075
3732	4398
1465	3732
4556	2199
2199	1062
2212	1564
4556	4630
1062	3857
1564	3857
3732	1460
3258	3044
4707	800
4626	4556
4707	4709
1165	4707
1934	2098
3044	4630
1190	3044
3769	3301
1451	4789
4707	2607
2443	1451
3079	1451
1531	1308
3147	1934
4707	4707
1308	1308
4295	3934
2989	4901
3973	1197
1501	3208
2408	3295
5193	142
5193	499
1501	2819
4901	3923
4901	2041
4901	1677
4901	3996
2894	142
26	4901
4901	4463
724	4901
2888	4901
3329	4901
1858	4901
3521	1495
3922	4901
2342	4901
2613	4901
2030	4901
3934	2949
142	2973
499	930
3412	4901
930	1618
3576	142
958	1072
4901	2458
1501	645
3429	1618
930	142
1501	4524
23	1501
444	1501
3934	2831
1501	2102
3294	3898
1960	3647
4478	142
1994	2700
1831	1831
693	3969
1196	4886
698	2632
4202	2169
4556	3836
2448	913
4202	2329
1314	1914
2266	1154
4014	2726
2495	2031
1444	3039
1753	2726
4520	1475
3573	1444
5063	5097
4051	3837
3031	676
4840	4840
676	3349
3469	990
4770	439
2374	2374
1819	4897
1862	2262
989	1862
2459	1862
1862	691
4969	1819
4497	989
3414	300
4773	1616
4910	5096
1416	533
1395	3679
2741	252
2741	4786
1995	1970
983	4339
4339	5099
2741	783
2375	3013
1422	2353
3789	2353
2353	1164
2573	2741
534	2741
2232	2741
4973	2741
973	2690
1019	1101
5124	1613
1072	92
2353	163
2353	4973
1025	1853
2005	1994
308	1450
1450	2298
1450	4056
4058	1450
3385	404
1498	4778
1450	3611
919	3064
3611	4056
3611	4058
4058	1441
3609	3611
1442	308
3609	1442
2850	4250
4840	147
3611	2298
308	3611
2337	3549
3525	2337
4595	289
289	877
1653	1669
1653	1674
1973	877
3448	4250
4344	3448
1672	1653
1573	1653
2052	208
4251	2850
3448	4251
3448	4247
4247	2850
3517	1653
4782	2153
4245	2850
4420	721
2534	3549
3342	3549
4358	4782
2154	721
1667	1653
3576	3193
3186	3183
3181	3183
1709	1710
280	1712
4343	3448
1673	1653
3826	721
3774	3832
4698	309
4733	1332
3192	3183
3832	3576
43	3438
2363	3826
1703	4816
2865	1703
1332	2229
1332	1454
979	1255
1332	370
3197	3832
3183	3832
4517	1332
1332	1344
2386	2410
3183	139
1332	1032
1332	3936
4082	1332
4648	1255
1272	5028
1877	2057
3476	3060
4307	139
1332	4060
1332	721
2414	2410
4025	4766
1833	958
958	3741
4991	4501
1195	93
2028	4265
2077	3417
1130	3319
3762	2706
3692	4734
2862	3692
4990	958
958	4167
3692	3111
3692	2978
1731	1016
3002	902
2741	2656
2741	3808
3692	3138
4732	3692
3692	2728
1731	2717
2484	3563
3289	2484
519	2293
1408	4302
2830	4302
5136	2293
2293	3867
2853	2293
4197	2293
4302	3209
2293	1487
3067	2293
1820	2293
3807	2293
2293	2437
1284	2293
2293	398
891	2293
3347	4868
4868	374
4868	76
2975	4868
4868	2895
2232	4868
890	2061
2025	2025
5119	5119
2853	4302
4476	4302
1449	1449
4302	4993
2437	4302
3543	76
3943	4302
1555	1555
804	3367
1314	1442
3048	1442
4137	3221
5054	3221
3424	3427
3423	3424
76	3363
76	1592
804	3373
1444	1444
4092	4069
2337	1080
890	1581
887	890
248	2394
4347	3403
3405	3777
4481	3777
1709	1708
1712	1708
4213	3456
275	4902
2472	2486
1196	936
453	3221
3221	2559
1910	4965
1948	3777
4519	936
693	4851
2787	4129
3426	2450
3181	5039
3646	2775
3185	1991
3826	1424
506	3456
5054	3966
3777	2069
4363	3759
5054	4137
311	4199
3550	1994
2741	706
706	1613
5054	5054
2002	3856
4575	2002
3185	617
2002	3962
3084	4339
3161	2002
2002	1970
2002	1994
3375	2080
3133	3826
2002	2741
4545	3020
2002	1140
1025	3646
2851	4860
3612	2002
3693	240
3100	2353
4129	176
2093	4828
1878	3160
337	360
2093	1425
1248	3388
1613	2370
2725	3600
2106	4163
4339	2370
3883	3882
2370	4828
476	1994
4321	3856
2293	1856
3653	2618
2851	4350
773	63
2851	4421
3206	1607
1513	1585
1072	4640
2548	3600
1970	3298
3100	3633
1506	1970
3544	4247
4545	3512
1994	4503
3100	5063
2523	3438
2529	1157
1157	4064
4097	1157
3663	687
4749	3663
1500	1157
1772	1157
1157	3438
3663	1157
3663	4064
3663	1464
4064	3438
51	3438
1157	3680
1157	2706
4064	3760
3426	2706
2529	3760
3760	3680
3760	1500
3437	3438
3760	51
3675	3760
3663	2529
2529	3438
2523	3675
1500	3438
1157	2523
1157	687
3437	3663
3437	3760
2161	2161
4116	533
414	414
4782	957
4653	4653
3448	4653
2656	2767
2767	679
2232	2767
325	3301
3204	2767
3213	2767
2767	3216
1195	2862
2862	21
2862	687
3680	3438
4097	3438
3675	3663
3680	3663
1464	3438
3438	4749
2706	4750
3675	1157
2843	2843
4258	4258
3663	51
3438	687
1157	51
3437	1157
2164	2164
4653	4245
2865	886
2865	4961
3640	1631
4400	2865
3044	1775
3717	3726
2865	1646
5051	2865
1372	160
5095	1761
2865	3213
219	2865
2865	924
4391	2865
4692	867
173	4341
4848	2686
2686	2686
759	792
4398	3978
2528	2528
2220	2528
2799	2804
607	4749
3991	2865
2865	1792
2686	4644
2215	3793
2686	3793
344	1267
4579	4579
967	4579
1001	771
559	4283
1017	2460
4283	1758
269	2842
1312	1945
1945	787
247	1017
4506	4215
3813	1699
3760	2523
3663	3760
546	2268
867	2833
4283	1286
2268	3248
160	1632
3475	5150
4330	5090
4625	1945
2351	1761
2635	1761
2153	3769
2153	4341
2077	1945
4850	4918
3156	2314
1528	4283
4506	1371
3270	771
3489	4716
3489	1216
3002	4277
3002	1422
3002	1421
3002	2953
887	1731
2752	1731
3002	2054
3039	3002
3002	3567
1608	3002
2355	3002
3002	4728
4838	3002
2862	3002
3002	618
836	3002
4728	958
958	4147
3002	4169
887	3002
3002	1545
3002	4734
958	13
1072	3002
2484	548
2014	2484
1138	4953
4953	13
1016	3002
2945	3002
1718	2484
2484	2926
3438	2095
1143	3438
3760	687
1143	3760
3438	3838
1157	3760
4749	459
4749	1055
3760	3438
3663	2095
1974	1362
3071	1974
1143	3663
1157	1143
2706	3438
3438	3675
608	1974
2166	1974
1731	4728
4838	1731
1421	1731
3972	3147
3663	2706
3438	3663
3567	1731
1731	1545
3002	3295
1731	1072
4147	1731
1731	1473
2041	1974
815	1974
1449	1195
1195	4734
4766	1196
1196	2894
1196	3107
1558	1196
3490	1196
1196	2819
1047	1196
1196	3289
2439	164
4036	3675
2964	1014
2964	1013
1196	2841
1196	3261
2392	2439
2392	164
3365	3367
3374	3365
3365	625
3368	3365
3365	3253
3373	3237
3365	3362
3365	3361
2352	2898
3549	4936
3760	26
2865	1788
2819	510
624	3365
3888	3722
1195	4089
4954	13
2717	4954
3722	1054
2946	1054
2764	1195
1195	3016
1195	2819
1195	1047
2946	3888
2706	3888
1670	1195
1960	1195
1195	643
3289	1195
3107	1195
1195	1345
3490	1195
1195	2229
1195	1978
4766	1195
2841	1195
3560	1195
4131	1195
1195	91
1195	1947
2894	1195
1195	3261
3541	1195
2764	1196
4151	1195
4290	2725
2725	1945
1372	2725
4295	4316
2088	4295
2087	4295
2091	4295
4295	269
4283	2725
2725	1290
1294	2725
18	2725
2396	2725
5072	2725
3698	2725
2725	2117
2773	145
2773	3734
2725	1371
3147	2773
2725	96
2725	3324
1002	2725
1187	2725
4686	1960
21	1960
2087	2725
1960	2369
479	2773
269	2725
2773	2117
2773	1196
2316	4295
4269	2279
4295	3616
4295	3698
2279	3699
4089	4283
4283	2279
2279	269
4295	3351
4295	18
5020	4295
4295	4506
2081	4295
2018	4295
4295	21
4295	4331
4295	1796
867	4295
4283	4295
4295	4687
4295	3697
822	4295
4295	3701
4554	4295
2108	4295
4077	2725
3699	4295
4295	2373
4295	4686
3675	4295
3237	4295
3193	4295
2763	4457
4283	2763
2763	867
2088	2763
2764	2369
2764	1945
2764	3389
4686	2763
2117	2764
3734	2764
2764	145
2764	2316
2764	4251
2764	4269
2764	4283
2764	5072
2764	822
2764	96
2764	1449
4368	2764
2117	1411
5072	1411
2764	3324
2898	1411
2360	2764
1294	2764
1411	1260
2764	3699
687	4295
867	4089
1290	2764
1019	4295
1796	2773
96	2773
2369	2773
2773	2918
4330	2773
2316	2773
2360	2773
2773	3699
2773	1290
1294	2773
4251	2773
2773	4283
1945	2763
4250	2773
1260	2763
5072	2763
2018	2763
2763	2947
2763	21
18	2763
2763	687
2763	3254
2108	2763
2763	4448
5020	2763
3697	2763
822	2763
2763	3701
2763	1796
1260	2764
4330	2763
2087	2763
4913	2898
3053	1290
3053	4290
4913	771
2316	3053
3053	1699
96	3053
1945	3053
4283	3053
2268	3053
1664	3699
1260	3053
3439	687
2579	1951
2081	3439
3439	3898
822	2773
2773	4686
2773	1449
4913	4686
3699	4913
4368	1043
4269	1043
1043	4283
1372	3997
2268	3997
4316	3997
3053	5072
3053	2117
3053	2369
3053	822
3254	3053
2728	1951
1372	4232
4232	1945
853	4687
2643	3898
1829	4686
3233	867
3463	1945
2697	1449
413	1062
2613	3970
963	2613
2506	822
867	2886
4283	2760
4269	1554
2081	3053
1664	687
3053	21
2947	3053
2898	1664
771	1664
3698	1664
1699	1664
1664	4316
18	853
3936	1664
3893	1664
2316	853
853	1945
853	4290
1699	853
2087	982
2088	982
1945	2149
982	2091
2279	2396
4169	4283
982	867
2279	2117
982	1372
1974	982
982	1345
2898	982
21	4169
2268	2149
982	4290
2018	4169
2279	3147
1945	2279
2279	1371
2279	96
687	4760
293	1951
64	4290
4290	2279
4169	3698
3701	4169
4095	4169
4169	2268
1187	2279
4448	2279
2268	2279
4943	4169
2862	4283
2862	4687
822	2862
1345	2862
1945	2862
4686	816
3675	816
816	2268
2862	3898
1965	2108
1965	3697
2018	1965
1965	2052
5166	4506
2102	867
2102	3701
2511	2268
982	1019
2087	816
4330	816
4283	982
2088	816
3193	982
3675	982
816	4095
816	330
18	816
3701	816
982	2018
4283	5166
982	3898
982	18
4782	3699
4686	2895
2895	4457
2895	822
2895	18
1945	2568
2568	3156
2373	4782
2369	2895
3299	5072
3299	1260
3324	3299
3237	2895
1945	2895
3701	2895
2895	2316
2088	4782
4251	4704
4457	4782
2087	4782
4704	4283
687	4782
2538	4704
918	4704
2895	21
2108	4782
2895	687
2895	3698
4782	3193
4782	4283
822	4782
3237	4782
4704	3179
4704	4448
4704	1260
4704	3814
4704	724
4704	1629
4704	3327
4704	5072
1345	4782
4704	2698
4704	3389
4782	3698
4704	1187
1945	4704
3157	4704
4704	822
479	4704
4704	3616
2081	4704
822	4116
2369	4116
4116	330
4116	3775
4250	4116
4704	3147
2369	4704
2316	4704
4319	4506
4116	5020
757	4704
4319	867
4704	1195
2164	3193
2164	1345
2164	771
2164	1945
2898	2164
4095	2166
4506	2166
2166	1699
2316	2166
3616	2166
2166	5072
1017	2166
2166	21
1294	4116
3699	4116
3697	4116
2161	4448
3179	2161
2161	822
2161	2268
2316	2164
2847	2161
2164	1019
2369	2164
2161	2781
2164	4943
4283	2161
2161	3699
2164	3237
4344	2161
2108	2164
2164	867
2161	2947
2161	479
2161	5072
1196	2161
2161	3389
2161	1372
2161	21
2161	2917
2161	1945
2161	4290
1371	2161
2316	2161
2161	4269
2161	2108
2161	3147
2161	4250
2895	2088
3699	2895
2373	2895
5072	2869
2869	4251
2869	1290
4283	2869
2087	2895
2869	2917
4250	2869
822	2869
2869	4269
2396	2161
2161	145
2161	3698
2869	3324
2316	2869
55	1019
2895	4330
2918	2869
2947	55
3697	55
3699	4638
1699	55
4078	1958
4067	2360
55	2316
1260	1958
4067	3699
1629	4638
2091	4067
4330	4067
2108	4067
3389	4638
4638	822
2698	4067
4067	865
4067	1002
4067	4269
3814	4067
2847	4067
2088	4067
2087	4067
4283	4067
4067	3157
3697	4067
4067	5020
4067	330
4448	4067
4067	2268
3156	4067
4067	2369
4067	2316
1372	4067
1945	4067
4067	3389
2917	4067
822	4067
96	4067
4067	4331
21	4067
4067	2052
2081	4067
4067	1260
4067	3327
4067	1993
3923	771
1699	4067
3302	3923
5072	3923
4067	3898
867	3923
4067	18
3923	3599
1411	4448
4083	4067
1699	3946
1411	771
3923	1196
1290	1411
4116	21
4116	2947
687	4116
4116	2942
2018	3923
18	4116
2316	3946
3923	1260
1699	3528
3528	3893
3698	3528
3528	3701
4116	3698
3528	4290
2934	4116
4116	2316
4069	2117
2087	2385
2091	2385
4283	2385
2088	2385
4316	3528
2087	3528
2268	3528
3237	2385
2385	2108
3193	2385
2385	3351
2385	3156
4069	4635
3302	4069
4330	2385
2316	2385
2385	4554
1945	2385
822	2385
3368	2385
3936	2385
4686	2385
2369	2385
771	2413
18	2385
2385	687
2385	2947
3701	2385
3697	2385
4095	2385
2413	867
1945	1960
1960	4330
687	2413
1699	1960
1699	2385
2385	21
2081	1960
2081	2385
1958	3699
1958	96
1960	2316
2268	1958
2413	3936
2898	2434
1958	4448
3616	2413
2810	3751
2810	1840
1398	2810
2910	2810
2810	3807
3866	2810
2810	1249
2810	2484
2837	2810
2810	2638
1648	2810
2810	2745
2810	353
2810	1408
2810	3317
2437	2810
2810	5136
964	2810
2810	3919
2122	2810
2810	1820
2810	3867
2810	4944
2810	5137
1487	2810
2810	1856
1355	2810
4494	2810
1284	2810
2810	1403
0	2810
2810	718
1717	2427
3446	1717
1717	1284
3866	1717
2910	1717
1717	2638
1717	2837
2437	1717
1717	353
1717	1408
1717	885
5105	2810
2810	3694
2810	891
2810	1983
2853	2810
2437	4903
2333	398
1137	61
1838	4903
1137	447
2464	1137
741	1137
1137	2263
4335	3867
1137	1480
3867	1717
182	2585
718	1717
5136	1717
1403	1717
1820	1717
3751	4637
3751	3651
4039	664
2192	3751
1468	2638
861	3688
1468	1856
1408	1468
2853	398
1856	398
398	5105
398	3867
1605	3751
398	1039
3751	3567
3751	682
5136	1489
2437	2857
1841	2857
2857	3243
2638	2857
2857	3446
2857	2910
2857	3867
2837	1468
5136	1468
1468	3867
4003	1489
5037	1489
1489	923
4045	1489
2969	1874
3352	2437
3352	3351
1408	3352
4830	3867
3352	2670
3352	1399
2638	3352
3352	885
5160	4830
5136	2857
1408	4830
2857	1856
891	4830
2638	4830
4830	1856
4830	2437
3352	1720
891	3352
5136	3352
1851	3352
3352	1983
1820	2427
2853	3352
2810	2830
3352	4099
3352	1403
3352	2745
3352	2810
4944	3352
4383	3352
1284	3352
3352	3867
553	2638
2837	553
2745	553
3521	553
1983	3303
553	2437
885	553
3141	553
553	3446
553	1717
553	2810
553	2813
553	2484
553	1827
553	2910
398	553
711	553
1403	553
1856	553
718	553
553	2263
1284	553
2427	553
2318	553
964	553
553	5136
553	2122
4061	553
3867	553
553	3349
638	553
553	1820
5105	553
2638	5151
553	4637
553	3694
553	3144
553	1983
553	2853
1957	553
5151	3533
5151	4219
5151	3349
586	5151
571	5151
1238	5151
4540	833
5151	718
2437	398
398	1527
398	1408
398	2830
398	3012
4474	5151
5151	4684
5151	2469
1408	1827
2910	398
398	4019
398	2837
398	2820
353	398
2745	398
885	398
849	1983
1827	2638
1827	1666
1827	2910
1827	2588
1827	1820
1284	1827
1827	964
3867	1827
2437	571
1827	1983
571	2837
571	2638
711	571
2484	571
4944	571
5136	571
571	4854
519	571
571	3867
4073	4610
638	571
4073	489
3694	571
611	3303
4335	4073
2437	3303
2208	4073
1696	3303
3303	1408
1404	3303
2125	3303
4980	3303
2069	3303
3303	2638
2837	3303
4103	3303
3303	2670
3303	3098
1648	3303
3166	3303
3303	1576
3303	2425
3624	3303
4015	3303
3303	1284
125	3303
3445	3303
3303	1856
1403	3303
2162	3303
3303	557
3303	4061
3303	4494
3303	3867
718	3303
3303	2122
3303	3354
3450	3303
3303	5136
885	2810
1957	3303
1178	3303
2853	3303
5175	4494
5175	2573
5175	1284
1856	5175
5175	2810
5175	4335
4993	5175
398	5175
3807	5175
5175	5180
5175	3943
2670	5175
3379	5175
5175	3610
2820	5175
5175	3866
5175	2837
2638	5175
5175	1399
5175	2437
5175	885
1408	5175
5175	912
5175	1841
5175	3012
1983	1473
2056	1473
3919	1473
1473	2168
1473	5136
1473	3867
2963	1473
4494	1495
4494	2638
2837	4494
2638	570
3867	490
490	5136
1060	2437
1060	3867
490	2910
490	1284
2250	490
1856	490
2638	490
4076	490
490	669
4035	490
1408	490
2469	328
490	2437
885	490
5175	8
2122	5175
2484	2469
2437	3874
5175	4061
5175	2552
5175	2853
2540	5175
5175	5136
3867	5175
3795	5175
5175	572
2837	3083
4076	3083
3083	2437
2638	3083
1820	3083
3083	3867
1284	3083
1856	3083
3867	2259
1983	2259
2259	1408
2259	2437
988	327
3083	2663
50	3349
5006	4304
2437	4665
1408	4665
158	1170
109	3349
2598	4665
4665	3349
588	4665
3807	4665
711	4042
2427	711
711	3651
570	1486
3867	3349
1856	3349
1284	3349
3349	2437
4105	1473
1473	4103
2910	1473
1473	1284
1398	1473
1473	1856
1473	1820
533	2086
5037	3844
1408	586
586	2638
1468	586
50	586
3867	586
1408	1473
2437	1473
553	3831
3831	4610
3831	3533
3831	2208
1880	3831
3831	4535
272	2437
1408	272
4594	1838
3083	1983
4934	408
550	490
1408	2625
2251	2333
2625	3807
2625	2437
2162	353
2162	2437
2162	885
2162	1408
2162	3096
2809	1848
1848	5136
1848	3867
2162	2910
5180	2162
2162	1648
4476	2162
3866	2162
4076	2162
2162	2837
2162	2638
1487	3867
5136	1487
2437	1487
1487	1610
2427	891
1983	2427
2427	3867
2427	3919
4052	1848
1856	1848
2437	1848
2638	1848
1486	2638
5136	1486
1487	2682
1486	2437
3688	2813
3688	1717
2853	3688
3688	3867
3688	2437
3688	1408
3688	2820
2837	3688
3867	4618
1408	4618
1408	447
570	2437
1066	1227
3382	3688
1408	3635
1039	1227
3349	2162
1856	2162
1820	2162
1060	2162
3446	2162
2162	1284
2427	2162
718	2162
2853	2162
2122	2162
891	2162
1841	3688
2162	3867
2162	2577
5136	2162
4061	2162
2062	3867
2062	4944
2638	2062
2437	2062
2208	4643
2639	2208
2208	4105
1746	1114
4572	1871
1408	1871
2208	4136
3919	2208
4008	1871
1871	1468
1576	1871
1871	3624
2306	1408
2437	2306
4335	4019
1081	2306
2306	1473
1967	2226
2306	4101
3807	2306
2366	1408
2638	2366
2226	3534
3012	2366
2366	3497
1983	2366
1648	2366
718	2366
1856	1403
1403	3349
1884	1403
3867	1403
2427	2437
1408	2427
2427	3866
2638	2427
2857	2427
2427	1840
2427	1284
2427	2810
718	2427
2427	447
4493	1473
1856	2427
1871	1115
5136	1871
1408	415
2263	1408
2263	353
2263	4794
1957	2263
2830	1403
1403	1408
1403	2638
1403	2837
4076	1403
1403	3866
656	1403
2670	1403
2162	1403
1408	1348
718	4256
4256	1856
4256	3867
1348	2745
4256	1983
4256	1920
4548	182
2810	4256
12	1408
1408	5137
2437	5137
4256	17
4256	2437
2638	4256
4572	4256
3807	1348
1348	1403
2910	1348
5180	1348
5151	1348
572	406
1348	1284
2810	1348
1348	2437
1348	2484
1348	2638
1348	457
2837	1348
1348	3446
1648	1348
1348	656
2552	1284
0	2552
1355	2552
2552	2810
2552	2427
718	2552
1473	2552
1403	2552
2745	2552
2837	2552
2552	3352
2552	2638
2574	2552
2552	2910
2318	2552
2552	1648
2552	8
891	2552
2853	2552
4042	2682
2682	4682
2682	4624
5105	2552
1408	4256
1820	2552
1856	2552
3349	2552
3919	2552
2552	5136
3867	2552
2552	4944
1983	2552
3795	3867
3446	3795
398	3795
861	3795
3795	3352
4076	3795
3866	3795
3795	4572
3795	3807
2437	3795
457	3795
3795	2638
2837	3795
2703	8
38	1229
433	3244
2552	1408
2638	3099
2552	2437
2552	885
4578	1874
2552	3568
3096	2552
1612	3454
5136	3795
2552	2644
3128	3795
5137	3795
3688	3795
2853	3795
3795	1820
3795	1856
3166	2703
3807	2703
1403	2703
1648	2703
2703	2437
2638	2703
2703	3624
2703	885
4682	3498
2908	4682
2837	2703
572	4885
398	572
4854	572
1408	2703
572	2837
2120	2703
2703	2085
3200	2703
3795	1408
964	2703
5136	2703
3867	2703
891	2703
1856	2703
3349	2703
2427	2703
2853	2703
1284	2703
2810	2703
2910	2703
2703	1820
1284	2959
2437	4383
2959	1820
2959	2162
5136	2959
4383	3844
1408	4383
8	2959
4383	1689
2437	1412
1820	4383
4383	1284
3867	4383
1403	1412
885	1412
1408	1412
5136	1412
1412	1891
2670	1412
1412	1284
2122	1412
718	1412
1412	1856
3867	1412
572	2437
591	1412
2026	1412
2853	1412
4494	718
2085	1412
5105	1412
3913	572
1490	2086
2086	2484
1648	2086
2573	2086
162	2086
4991	2086
2086	4482
109	2086
3354	2086
2086	1412
2577	2086
2118	3867
1820	2118
2118	2437
1408	2118
2837	3654
2815	4049
419	2808
3867	5136
2815	4944
3654	2621
2437	5136
2959	1408
2208	3654
3335	5136
1527	2959
2959	2910
1470	5136
2959	457
2959	2638
2959	1060
2437	2959
3382	4643
4930	1648
1346	1170
4136	4643
4643	1183
1324	2260
566	4643
5136	4643
4930	2425
4624	4076
4930	4311
321	4930
1324	61
4930	4682
4930	1495
4197	1324
2086	2437
4624	447
2208	4624
4624	3867
4624	2085
885	4624
2437	4624
4105	4624
2260	2552
68	2086
3783	2086
504	2086
4103	2086
353	2036
1474	2036
2086	4378
5136	4494
3867	4494
4494	1856
3012	860
1403	4494
4494	1284
2910	4494
4494	4061
3943	860
4623	860
860	1408
1957	860
3311	943
4494	1983
1851	4494
398	860
2437	4535
4643	4378
4103	4643
2437	2573
2573	860
860	2552
4643	1356
1856	860
2670	4643
4643	2169
4643	2853
4643	1427
4643	4133
4610	4643
4643	3462
4643	2437
3867	1010
2437	1010
1010	4794
2644	2293
1408	2293
348	1010
912	2293
1957	1284
3694	1408
5136	5105
5105	2853
3694	3606
1010	1408
2638	3694
1856	3694
1010	1490
2437	5105
5105	2670
1856	5105
5105	2638
3807	5105
3867	5105
5105	3694
2910	5105
1856	5079
1920	3101
5105	1408
1879	5079
4091	1920
5105	885
2837	5105
5105	3096
3831	3209
5079	2437
213	3209
4103	3209
5079	1408
803	5079
5079	2345
3209	4795
891	4684
133	3209
1115	3881
328	4684
613	3209
2505	3209
4610	3209
1883	419
4684	2703
4684	1284
3352	4684
4684	718
3881	2437
5136	4684
4684	1820
4684	2853
1648	4684
885	4684
1408	4684
2638	4684
0	4684
3866	4684
4684	3243
2910	4684
4136	1983
4136	1957
891	4136
41	4545
2122	4136
4136	2703
4136	964
4136	8
4136	4383
1820	4136
4136	3867
2853	4136
4136	1856
1284	4136
1403	4136
4136	5136
4136	5180
2810	4136
3349	4136
4136	2910
2745	4136
4136	3807
4136	3303
41	4136
4136	1408
4136	2638
2670	4136
885	4136
3606	5004
2644	4136
4136	2437
2830	4136
4795	4643
1527	4136
3606	2437
4610	328
1957	1983
1408	3606
2887	407
1957	2122
1957	3335
407	167
2853	1957
1957	3140
1957	4061
964	1957
4139	1957
2552	1957
4256	1957
1060	1957
1957	1820
1957	5136
4944	1957
718	1957
1957	2162
1957	1856
1957	3349
1957	2318
1957	588
1957	2427
1403	1957
1957	4335
1957	2810
2813	1957
967	1466
1957	2830
885	1957
967	2544
912	1957
2437	1957
1957	1648
1957	1408
2837	1957
2670	1957
1957	2910
1957	3866
1797	1957
1957	5151
1856	1348
3596	1957
1491	4477
2437	4050
3867	4050
788	2585
2517	2809
4061	4477
3613	4643
4711	3051
2811	2861
2809	4611
3446	1039
503	1717
1249	4007
2853	5117
803	2036
967	612
3867	2548
2910	2548
2548	4744
2548	1959
2548	1
2548	3529
2062	2548
5136	2548
4684	2548
12	2548
909	2548
1969	2548
5136	4050
1884	2548
2853	2548
4050	1408
1408	3099
1473	2559
2156	3099
3099	3096
2638	2559
1882	2548
1408	2548
2559	1408
2548	457
2820	2548
2548	1172
2437	2548
2548	2638
2810	2548
3593	2548
2548	4105
2437	1380
3946	2437
61	3128
1380	1717
332	3532
1380	1408
3946	1408
684	5073
4624	4929
3166	964
2437	4684
2291	2437
718	3946
2923	4531
3051	2026
3128	1408
2837	3140
4103	213
2540	1842
1327	1408
1723	4057
568	2376
2376	2853
2540	2036
3352	366
2437	1851
2820	1851
4788	5073
3739	1327
5175	3140
3867	3140
366	1408
571	2376
2830	2376
4139	1126
2437	2376
2376	1408
1920	1555
218	1555
3795	4139
896	2376
2376	4830
2857	2376
2376	4139
0	2376
4794	2376
2376	41
553	2376
5136	1348
1798	1555
1348	1957
3867	1348
1348	718
2122	1348
1348	1820
2427	1348
1555	2208
4139	1408
1555	802
4045	1555
3694	1348
1555	4426
1555	1696
1983	1348
4686	1863
659	2268
659	2947
1863	822
2087	3216
1863	4283
4331	3204
2088	3216
4095	3208
2087	3208
3208	1974
4146	1699
1796	659
1945	3208
4316	659
659	3698
2087	594
3368	594
3351	594
3675	594
3237	594
3208	3675
1345	3208
3216	687
21	1863
2373	594
594	269
4330	594
594	3699
594	2088
4283	594
2091	594
2108	3204
3204	2052
822	3204
1945	3732
1760	18
1759	2316
1759	4316
3697	3204
1019	1197
3732	5020
5021	1699
771	1197
3697	3732
2934	3732
1699	3732
1197	3898
3216	18
3216	2947
3216	1372
21	3216
18	1197
1197	3893
4331	3216
2898	1197
3697	3216
867	3216
3213	2081
5020	3216
2052	3216
3216	822
2108	3216
3216	2117
1076	4283
4686	367
3302	1076
1076	4269
367	3814
367	2088
4457	367
3157	367
367	4283
178	4283
367	2360
367	4269
4686	178
176	1699
176	3898
367	2698
2354	1195
3698	176
176	4943
176	2369
367	479
2493	867
2898	2493
1196	2354
3147	367
687	367
2354	1345
2081	367
367	822
367	145
2018	367
367	1945
2052	1863
594	2369
1372	594
1037	21
1037	1195
4083	1037
4078	1037
1993	1037
1037	1260
2081	1037
2018	1037
1037	3147
1037	2369
1037	2117
145	1037
3389	1037
1945	1037
1037	4959
4686	176
1037	1372
176	96
176	4316
4330	176
2268	176
176	4307
1076	1260
3389	1076
176	3699
5072	1076
3324	1076
5	1076
1076	1945
2268	2501
2501	1699
2081	2501
2501	1974
2316	2501
822	2793
2793	2316
2793	867
4457	2793
687	2793
1037	2698
2793	2947
1019	2793
4307	4901
4901	4283
18	4901
4269	1037
2360	1037
867	1037
1037	1951
3179	1037
4283	1037
1449	1037
1037	2268
1037	822
1037	4686
1037	3156
96	1037
2501	5020
4448	1037
4686	2501
2501	1372
4901	3697
3368	4901
4686	4901
4901	5020
4943	4901
4901	1372
4901	3156
4901	3698
21	4901
2018	4901
4901	1699
4901	4331
4113	3898
4331	4113
2947	4901
4330	3980
3193	4901
1945	4901
4901	1345
687	4901
2316	4901
2501	4330
3898	4901
2268	4901
2501	3699
4283	2501
2501	867
2081	4901
2088	4901
4901	3237
4901	3675
2087	2501
4686	1760
1760	822
1760	3389
5020	1760
1760	1294
1760	3675
1760	2108
1760	4457
2052	1760
2244	2268
1372	2244
2244	1945
1760	3697
1760	4331
21	1760
2018	1760
2581	2898
3898	1759
2581	4283
1945	2581
1796	2551
1760	687
21	1759
1945	2551
1290	1760
3699	4901
1760	2088
4283	1760
4901	2373
2581	771
4330	4901
4901	2087
559	3898
3890	2316
1372	3890
559	21
3890	4290
269	3890
4316	2173
1974	3890
2781	1037
3699	1037
2244	3699
1037	2373
4686	2244
3898	539
1699	3890
2244	2087
2243	4316
2243	3898
2243	3701
2244	4290
2244	1699
687	2244
2244	18
3698	2244
3699	2173
2268	2173
4283	2173
1760	3699
4330	1760
2087	1760
1760	2360
4283	2243
2316	2462
2462	1945
2462	4330
1699	2462
3815	867
3815	4330
5020	2462
4687	3815
2446	5072
3147	2446
3157	2446
2081	2446
4686	2462
4283	2462
2446	3327
2268	2462
1951	2438
1945	2438
1195	2443
3815	1699
1644	4918
1290	1644
1644	4251
2329	2081
771	3815
5020	3815
1796	3815
3815	687
3815	2117
1019	3815
1974	2329
4686	3815
4290	5056
3898	3815
3815	2947
3815	2018
2898	3815
992	2087
3699	992
4078	1657
2898	402
5056	4330
3734	1644
4959	1644
1644	822
3815	3697
2108	3815
3936	3815
4095	402
3698	992
4283	402
771	402
18	3157
402	867
867	3157
3157	4283
1945	992
3147	1657
4283	992
992	3675
18	992
867	992
2934	992
21	992
3476	2108
3476	4316
1657	1951
2847	3475
4448	1657
1657	2268
2316	3980
822	1657
21	3980
3980	1699
3980	867
1019	3980
3156	3980
3980	2268
822	4113
1372	3980
5129	4307
4283	5129
5129	1951
4113	687
4113	4283
5020	4113
4113	3697
2088	4113
4113	4457
3698	4113
2052	4113
822	3475
3475	2081
4113	3699
4113	2087
771	3112
4448	756
1945	409
409	1372
96	409
5129	2369
1260	756
756	2316
1945	756
5129	3254
1290	756
1260	5129
1699	5129
1193	2081
96	5129
822	5129
4635	5129
2446	3324
4283	153
2446	1187
822	2446
1945	153
409	3898
153	3936
822	153
1699	153
4284	409
409	687
153	2316
4078	409
822	409
409	1260
21	409
1945	3563
3563	1195
4344	409
4521	18
409	4269
409	4250
409	1951
3563	3193
409	2268
409	4448
4095	409
4283	409
4175	2268
4175	822
687	4175
3179	409
867	4566
2088	4566
4175	4283
4566	3675
2316	4566
4566	2369
4566	3699
1699	4566
2316	4521
96	4521
1945	4566
1699	4521
3458	21
2942	3458
2087	4521
3458	687
2373	3283
3458	2934
4311	4943
4311	2018
3283	1974
757	3458
3283	2088
3283	1796
4175	269
2087	3283
3283	1699
3283	18
3701	3458
2316	3283
330	3458
3458	822
3458	3697
2369	3458
3458	1945
3389	3458
3458	3324
4290	3458
3199	3458
3458	3147
2316	3458
5072	3458
3698	3458
3458	2117
3734	3458
822	1651
1945	1651
1651	2316
4316	3458
1290	3458
3458	4283
3458	4330
3458	3699
2373	3458
2087	3458
2088	3157
2947	2660
2934	2660
2660	2942
4269	3458
3458	4250
3458	1951
3458	5020
3458	2088
3156	3237
4686	3156
4330	3156
3156	330
867	3156
2373	3156
2660	2316
3156	4283
1402	2917
3324	1402
822	3156
1974	1402
3156	2947
3156	1945
3156	4457
21	3156
1195	1402
3147	1402
1993	1402
1402	2081
1402	1260
1402	822
3734	1402
5072	1402
3697	1528
4330	2660
1528	269
1528	4316
1945	2660
1402	1629
3156	2660
1372	2660
1528	4095
1402	4269
1290	1402
1402	1294
1285	3898
21	1528
2018	1528
1945	1528
1402	1004
4283	3563
867	3563
687	4521
18	1528
3775	1402
1402	1187
4448	1402
822	2949
2949	3697
2949	4330
2898	423
423	1345
423	4506
3156	423
423	3193
3675	423
423	867
4316	423
4307	423
2088	423
423	2087
423	2373
3699	423
4290	700
18	700
3065	2369
700	1372
3065	822
1945	3065
3156	3065
5020	3065
3065	4457
3065	3193
4330	3065
2373	3065
423	21
18	423
423	2081
2942	423
1945	423
4863	2087
2018	423
423	3698
2947	4863
822	4863
4330	4863
4863	18
2947	3064
2052	3064
2091	4863
687	3064
3156	3064
3064	4457
1945	3064
822	3064
2724	21
3065	2947
3065	4331
4330	3064
2724	3893
2724	2268
2724	2898
3698	2724
2268	3723
3898	3723
4316	2724
2724	4283
3723	3701
1372	3723
3723	4290
18	3723
867	4361
4316	4361
4361	4307
3302	4361
3723	4316
4863	1974
4863	96
4361	1294
1788	2081
1788	2018
1788	1260
1788	145
4361	3699
2081	4417
4417	867
1788	21
1699	4361
3698	4361
4361	3147
3199	4361
1788	2369
2316	1788
5072	4361
1945	1788
3156	4361
4448	4361
4361	3368
2268	4361
2898	4361
1945	4361
4361	1187
4554	4361
1558	687
3898	1558
4686	1651
867	1651
2911	4361
2108	1651
3179	4361
3893	4361
4361	1017
21	4361
4316	1558
4307	1558
4554	1558
1558	4283
2018	1558
1558	1945
3389	842
842	1945
842	1260
700	2268
4095	700
1260	4361
4361	2018
2081	4361
1699	1651
1651	2947
845	2268
845	4290
842	4283
842	4448
842	822
842	96
269	1780
2781	1780
3699	1780
918	1780
3898	2418
3599	1780
2418	1196
1195	2418
1313	1945
2947	1313
4269	1780
1313	2316
1290	1780
4344	1780
1780	865
1294	1780
3324	1780
1780	926
1780	96
1780	822
1187	1780
1780	4448
4368	1780
3157	1780
1345	2418
2418	2091
4330	2418
1780	1945
1780	1974
1780	1372
1780	1371
1780	2917
1780	3698
5072	1780
1260	1780
1629	1780
724	1780
4290	1780
1780	4284
1780	2117
1780	1196
1780	4250
3179	1780
1780	2268
1780	2396
3616	1780
2018	1780
2081	1780
4445	2947
4445	1945
1788	4457
4445	21
4269	4445
757	1780
96	4445
4445	822
1780	3327
1974	1788
3199	1780
3147	1780
1187	1788
1788	4448
822	1788
330	1788
4506	3072
3072	3616
3072	4687
3072	2268
1311	4283
2268	1311
3072	21
4316	1311
1195	1311
1311	3898
822	1311
2081	1311
1019	1780
1017	1780
1311	1019
1780	4077
822	48
4283	48
48	867
48	3302
2088	4805
4330	4805
48	687
48	1945
4805	21
4805	822
4687	4805
1951	4805
3072	4283
3072	867
3072	4316
3898	4805
2316	4807
1260	4807
2947	4807
4807	2934
4807	2942
21	4807
3898	4807
2841	4283
822	2841
2841	2018
687	2841
2718	1945
3898	2718
1311	687
2698	48
48	2373
2949	2898
2949	4554
2949	21
2052	2949
2951	21
2949	3898
822	2431
1260	2432
3936	2418
2418	2373
2418	771
4686	2418
3254	4807
2418	2898
4807	2918
4635	4807
3046	4316
3056	269
3055	4506
3056	4316
4330	3046
2088	3046
3046	2087
3046	4283
1196	3046
687	3046
3046	4331
3699	3046
1945	4472
2052	3046
822	3046
3046	1195
3351	2973
1196	3056
1796	2973
3193	2973
3056	3616
3056	2316
3056	21
3056	2117
3056	96
2268	3056
1699	3056
3056	4554
2108	3056
3056	4307
3056	4095
4283	3056
3046	4686
2268	3046
96	3076
3046	3675
3079	4290
3076	3898
3079	1372
3076	4283
4095	3079
1945	3079
18	3079
3701	3079
1699	3079
3079	1019
3898	1312
3616	3079
3046	4687
3056	1019
3056	1017
3046	1019
2373	1312
21	3046
3046	18
2934	3046
3046	2942
3046	3698
3046	2947
1974	3046
1945	3046
3046	330
3046	96
3193	3046
18	3017
4687	1313
2373	1313
1313	96
1313	5020
2982	2373
21	2986
2982	3698
3017	4330
3017	2108
3017	4316
3017	2898
4095	3017
3017	21
4290	3017
3898	3017
2268	2987
2987	4943
2987	3698
3699	2987
96	1312
2117	2987
2316	3079
1312	4283
2988	867
4316	2982
5020	2987
4307	2982
1974	2987
2988	2268
4330	2987
2987	96
1945	3054
3054	2942
3054	3698
3054	2947
3698	1313
1313	1017
3054	2934
1313	2052
1195	1313
18	1313
1699	1313
4331	1313
4316	3054
4307	3054
21	1313
3054	2268
1313	1974
1313	330
822	1313
1313	2268
3017	2373
2987	21
3898	2987
1313	1372
4316	1313
1313	3699
1313	2087
2942	1313
1313	3351
4283	1313
1313	3675
2088	1313
2976	4095
2976	4307
2976	1372
3675	2976
2088	2976
2973	687
4316	2976
2976	2087
2088	2973
3898	2976
2973	4457
2973	2087
2976	1196
2976	1345
1017	2976
2976	1945
2973	3237
330	2973
2973	3156
96	2973
4283	2973
2973	3675
2973	4686
3368	2973
2973	2316
4321	946
1195	946
1865	946
822	2973
2973	1945
2973	1372
2973	1699
2986	2268
2979	1019
2979	1017
2979	1195
2979	18
3698	2979
1196	2979
1974	2979
3698	2980
2980	3699
822	2980
2986	1345
2986	96
4316	2986
4283	2986
2986	18
2087	2979
2979	4316
3699	2979
2979	2088
2980	2947
269	2979
2980	1945
4331	2980
2973	2947
2091	2976
2979	2268
2973	21
2979	867
2979	4095
2979	4307
4283	2979
3898	5011
5011	96
3893	4190
2018	5011
4190	2898
4190	2373
1372	211
4190	3936
208	1290
822	211
3156	208
1294	208
21	5010
208	4283
5010	2947
5010	330
5010	2052
5011	3699
1019	5010
5011	2091
2373	5011
2088	5011
5011	2087
5011	3237
5011	4457
2316	5011
2268	5011
3698	5011
1699	5011
1372	2979
2979	96
2979	1945
2973	3616
4290	2973
2973	2117
4554	2973
3898	2973
2973	2081
1195	2973
2973	3698
2973	269
1019	2973
4330	2973
2973	4331
4290	208
822	208
208	2369
2973	3699
208	1260
2268	1282
208	1699
208	2081
1282	1699
1286	4686
1282	4316
1282	1017
2081	1286
2973	2373
1282	687
1286	21
18	5011
5011	1974
1286	3898
687	5011
3699	3299
2196	1294
2196	2117
3299	2268
2196	1290
4250	2196
2360	2196
4283	2196
1372	2081
2196	822
867	2081
2373	2076
96	2196
3698	2196
3775	2196
3734	2196
3299	642
3368	2213
2213	3193
2213	4686
3299	3147
1187	3299
822	3299
3299	4448
4330	2213
2196	1449
2196	4448
4269	2196
2213	3675
2213	2087
2213	2088
3299	1993
2098	1195
2087	2073
2073	4330
2098	1290
4316	2098
2268	2098
2098	4250
4448	2098
3324	2152
2152	1699
3147	2152
2098	1945
1974	2098
1629	2098
3147	2098
2098	18
2076	2081
2076	2369
3300	4283
2076	2117
1945	3300
2073	867
2081	4283
1796	3300
4959	2098
3351	2098
2076	822
2098	1187
2076	1945
3193	2076
3734	2076
2076	96
2153	3697
2153	1945
2268	2153
3701	2153
1019	2153
2153	3351
1195	2153
2153	687
2018	2153
2153	18
2153	4290
1196	2153
2222	2942
3698	2153
2222	2947
867	2154
2152	1974
2152	1187
2152	96
2152	867
2152	4283
2166	3675
2268	2166
4283	2166
2166	2538
2166	3699
2166	4316
2152	1260
2152	1629
2153	2316
1699	2153
2153	1796
2213	3156
2213	1945
1372	2213
2213	2316
2221	1372
4330	2222
2221	18
2213	3701
2213	2947
2221	3351
2268	2221
21	2221
4330	1570
4283	3490
4316	3490
867	2221
2222	1945
2087	2222
2934	2222
3675	2222
2153	4283
1196	2154
2222	4687
4316	2153
2081	2154
4283	2154
2153	4307
1796	2154
2213	2018
2213	2369
3156	2154
2213	4290
3717	1945
4316	5193
2911	2817
4630	1019
3825	3616
3717	21
3825	4330
3619	1699
2819	771
2373	1570
3193	1570
4686	3825
2947	2819
822	2819
2898	2819
2819	3936
867	3619
822	3490
2819	2316
2316	3619
3490	1945
2942	3490
3490	2268
3490	2947
3699	3296
3156	1570
2934	3490
3296	269
1570	822
1570	4686
2108	1570
687	1570
2096	3698
2096	1372
1699	4096
2096	2369
2018	4096
4096	2316
1195	4096
4096	4943
4096	1017
1196	4096
21	4020
4096	21
867	4096
2052	4020
4096	3351
4096	3699
4096	2268
1945	4096
4096	1372
822	2817
3179	2817
3199	2817
3324	2817
2817	1260
2817	5072
2819	3893
2819	4307
5020	4626
4096	687
4630	1196
4331	4626
4330	4716
4686	2096
2096	4269
4251	2096
4344	2096
4283	2096
3294	4283
3294	4457
4316	3294
2096	4330
21	3294
3294	18
3294	3698
2081	3294
2096	2268
2096	4368
2096	4250
2947	2096
2096	1017
1260	2096
2934	2096
3699	2096
1629	2096
3294	687
867	2096
822	2096
1945	2096
4448	2096
4959	2096
2098	3699
1187	2096
2096	2942
2781	2098
867	3296
3296	18
4331	3296
3296	4316
4390	2081
4390	867
4330	3296
4602	2087
4554	3296
3296	4687
3296	3698
3296	4095
3699	3294
3296	4283
4686	3296
3294	4330
3675	3294
822	3294
3294	3156
3294	1974
3296	4290
3296	21
3296	4943
3294	3237
2091	3294
3294	4307
2088	3294
867	3294
3294	3701
2369	3294
1945	3294
3294	2087
4598	4687
3893	4598
3898	1413
4686	4598
4506	2423
1413	1017
2423	2316
822	2423
1413	4554
1413	3701
2088	4602
1413	1372
4602	1945
4602	3675
4602	21
4602	2316
2018	1413
21	1413
1413	18
3193	1413
2268	1413
1413	3156
1187	1413
4095	1413
18	4438
1413	3599
2373	1413
1974	1413
2316	1413
1413	3147
1699	1413
4943	1413
1699	4438
1413	3368
3675	1413
4686	1413
4438	4331
4438	1195
2947	4438
2081	4438
2087	1413
4438	4686
4283	4438
4438	867
1413	4250
1413	4283
4316	1413
1413	2088
1945	4438
1019	1598
4438	822
1372	4438
2087	4438
4438	2088
687	1598
4438	2091
4020	2373
4438	3675
4330	824
4020	3699
4438	3156
4438	5020
3368	4438
3193	4438
1200	2117
4283	1200
1200	21
1200	1195
4020	1945
4020	822
1699	461
3698	4020
3675	4020
4686	4020
1187	4020
2108	4020
578	2316
2369	578
1951	4020
4284	578
822	578
578	3389
1974	578
1945	578
4316	461
461	2268
3701	461
578	3697
578	1629
2081	578
1196	578
578	687
822	4348
4348	1945
2316	4348
578	1260
3697	4348
4348	5020
4348	2108
4283	4348
4348	4330
3680	578
4686	578
4250	578
4251	578
578	4283
578	2091
578	2698
578	5020
3698	800
2268	800
3699	800
4598	1699
2081	4598
2898	4598
2316	4598
1372	2349
771	4598
2349	2373
2349	867
4250	3836
3836	687
2702	4290
4283	3836
822	1817
1699	2702
1817	4283
771	1817
2613	4283
2613	4269
4448	2613
1817	1796
1945	152
4283	152
152	2108
3616	152
152	3898
1345	4326
4330	4326
2613	2316
145	2613
2613	5072
2613	687
1817	867
2268	2303
2081	3455
642	2613
21	2303
822	2613
2613	3775
2613	3324
1345	2613
1372	2613
2613	1371
4460	2698
2613	1945
4460	5072
822	4460
2087	2613
2081	4460
3936	3423
1531	4283
3423	4330
867	3423
4686	1531
771	1531
1531	3936
4687	1531
1531	1945
3455	3237
1531	822
1531	2898
3455	1796
3455	1945
3368	3455
3455	3193
3423	3351
1598	4283
4316	1598
4307	1598
2018	3423
3423	2898
3423	1345
3423	771
3898	94
3455	4687
1951	3455
1195	3423
3147	210
210	822
210	1187
4448	210
1598	3156
1598	4506
822	1598
1796	1598
196	4316
4283	196
196	2108
3936	1598
2795	2087
4316	2795
3351	2795
96	2795
1945	1598
2081	1598
1598	1195
3699	2795
196	2898
196	1345
2947	196
2018	196
2917	2787
2787	3389
196	771
2787	2918
1047	1945
867	1047
4307	196
4330	196
3701	2795
196	1019
21	2787
2795	3898
2787	3698
5072	2787
2787	145
4284	2787
2088	2787
1945	2787
2091	2787
2787	2087
2787	2847
822	2787
2108	2787
2268	2787
2787	2947
2787	1004
2787	1260
2018	2787
4283	2787
867	2787
2787	865
2787	5
2787	3302
4876	1195
687	4876
1803	4269
2360	2787
3699	2787
4330	2787
2698	2787
1945	4326
3254	2787
2787	3680
4269	2787
5118	1195
2396	5118
5118	1629
5115	2081
2088	4880
4880	2087
2091	4880
4083	5118
4330	4880
4880	3599
4880	2698
4880	4283
779	3898
1345	779
687	4018
2360	4880
4250	4880
3179	4880
4880	2847
4269	4880
1974	4880
1945	4880
3680	4880
4880	1372
4880	96
4880	3389
4880	2369
4880	822
687	5118
3156	5115
1371	4880
1017	5118
4880	3147
4876	3699
4880	2117
4880	145
3487	4876
4880	3698
822	4876
4448	4876
865	4876
3324	4876
4876	1290
1294	4876
3814	4880
3179	4876
4880	1187
4880	3157
1803	3179
4876	3389
4876	2316
4876	2117
1260	4876
3698	3258
3075	3698
4448	3698
822	3698
4448	1803
1803	1187
1260	1803
3698	4918
2081	4880
4880	1196
479	4880
1713	4283
1290	1713
687	1903
2175	1372
2175	3156
269	2175
3698	1974
1903	3156
2268	4723
4687	4723
4316	4723
1903	1019
2081	1903
1699	1903
822	1903
2268	1713
3157	3978
3978	4368
3978	3699
2268	3978
1260	1713
3978	3599
3978	4283
1945	1713
867	1903
3368	1903
3978	1002
1903	2373
4250	3978
3179	3978
3978	4448
4251	3978
2081	3978
3978	926
3978	1017
21	3978
1187	3978
1945	3978
3978	3701
3978	822
918	3978
3978	1629
867	3978
1815	3978
3978	3327
3978	757
1260	3978
3147	3978
2898	4018
4920	1945
4920	2316
2947	4920
4283	4920
3936	4018
3675	4018
4018	3701
4920	822
1371	3978
3978	1372
3978	1974
21	4920
4457	4920
3237	4920
3193	4920
604	867
604	1290
2917	604
2360	604
5118	3697
5118	2847
604	4269
4448	5118
2898	535
1974	535
535	687
535	2088
604	822
3389	604
535	4943
604	3697
379	4687
4250	379
4251	379
387	2087
535	18
21	535
535	2018
822	379
3698	604
2117	604
2316	604
4283	379
3699	387
387	4330
21	379
604	21
4290	1089
387	1699
4290	387
387	3698
387	1195
604	1019
604	1017
4330	379
387	1372
387	4316
387	4283
387	2108
387	2268
387	21
1089	3701
1089	1372
3701	4723
2127	867
3616	4723
3698	4723
3351	387
2081	4723
387	1796
387	4506
18	1089
4723	3156
3701	4908
4908	867
1017	4723
1372	4908
2127	4316
2127	4307
2307	1372
413	2088
4269	4766
4330	413
1294	4766
1290	4766
4095	4766
867	4766
4448	4766
1187	4766
867	724
4766	2268
3701	2127
1372	2127
4766	4316
2108	2127
269	4766
4766	4330
3599	4766
4766	5072
2117	4766
4766	4290
4766	3147
4323	4316
1019	4766
4766	18
2081	4766
3324	4766
4766	4959
4766	96
822	4766
4766	2316
1294	5118
1371	4766
4766	1372
1945	4766
4250	5118
2087	5118
5118	2088
5118	5
5118	5020
5118	1290
5118	4283
5118	4269
5118	2091
3697	5121
5121	2947
1019	5121
2698	5118
5118	145
2360	5118
5118	3699
1945	5118
5118	1260
2316	5118
2369	5118
4284	5118
5118	2268
5118	3698
2117	5118
3680	5118
5118	822
3814	5118
5118	3254
4203	1260
771	4963
4963	4506
2781	4203
4963	1945
867	4430
4316	4430
4430	4686
4283	4430
2091	4430
4430	3699
2088	4430
4430	2087
2662	96
2662	771
3616	2662
2633	1945
1945	2662
4283	2662
2081	2590
4310	687
2373	2662
4963	2108
2947	4310
822	4310
4963	4330
2081	4310
4283	4310
2445	1945
4310	1945
2088	2453
687	2445
43	96
2307	1951
413	2087
2117	43
2316	413
4330	1062
867	2307
1699	413
867	413
413	1372
2018	413
4687	413
4430	2369
4430	21
413	4686
4430	3698
1945	4430
3675	4430
330	4430
2947	4430
43	2898
3404	2268
3404	1945
1345	4430
2898	3404
4430	18
3404	4330
43	3936
4430	4330
4203	3179
4203	724
822	3404
1062	3698
3893	2894
2087	2894
2894	3156
2947	1062
1062	2117
2316	1062
4943	1062
1062	687
867	1062
1062	2088
1062	4686
2894	3936
1019	1062
18	1062
2894	269
822	1062
1062	2091
1796	1062
1062	4095
2373	1062
1062	4687
1062	2087
3699	1062
867	1362
1062	3156
1945	1362
1362	2373
1062	2108
1062	4554
1062	330
3368	1062
2453	687
2373	535
2445	4290
4635	1549
4554	2445
2117	2445
2445	3898
2445	1699
2894	2316
21	2894
2453	822
2894	1699
3699	2453
1945	2453
822	1549
3237	2453
2445	822
2081	2894
3936	2445
2894	3701
2894	1372
771	2894
2894	822
4290	2894
21	1062
2052	1062
2081	1062
2894	2268
1945	2894
18	2894
687	2894
2445	4095
269	1362
4283	1362
2087	1362
4330	1362
18	594
2091	1362
3789	3179
21	594
3789	3147
3789	1195
5072	3789
3789	2316
4316	1362
3789	1699
3893	1362
1362	2088
3789	4554
1002	3789
3789	1004
642	3789
4448	3789
2316	1332
1945	1332
1332	4284
5	3789
594	3701
594	3697
3698	594
1945	594
3789	822
1187	3789
3324	3789
1945	1345
1362	3698
1362	18
4473	3893
4095	1362
1362	3156
1362	3351
330	1345
3699	1362
21	1362
1362	1017
1362	3675
4473	3936
2018	1345
687	1345
687	1362
1362	822
1372	1362
2934	1362
3701	1362
3789	1260
3898	3789
4554	1362
3789	2018
4687	1362
1362	2268
1362	3697
4686	1362
2369	1362
2942	1362
3368	1362
2081	1362
2934	4473
1332	3699
2087	3537
1945	4473
2698	1332
2087	1332
918	1332
784	687
1332	2091
18	3537
2088	1332
1332	2360
21	3537
3156	784
3537	1017
3537	3698
2268	3537
367	96
3389	367
367	2847
3537	1372
3537	4283
4316	3537
3537	4506
4473	771
3537	822
3537	4095
1945	3537
2942	4473
4473	3156
4686	4473
4473	2898
1332	3814
1332	4250
1332	3680
1260	1332
1332	1195
2117	1332
5072	1332
1017	1332
4283	2590
18	1332
4083	1332
1332	1372
1332	1974
1332	3389
2918	1332
1332	145
784	1951
784	2369
771	1332
784	4687
1332	2268
3697	1332
1332	822
4448	1332
2847	1332
3324	1332
4283	1332
3775	1332
1332	1294
4269	1332
1332	3254
1290	1332
822	580
3237	580
2847	580
3775	580
3699	580
580	3697
1019	626
5020	580
3680	580
626	18
580	4283
4250	580
3743	687
580	1290
3699	3757
3757	4330
626	4095
21	626
626	2947
626	2081
4943	626
2081	1406
1372	1406
2087	1406
1406	2091
626	4686
2373	626
4330	626
18	1406
580	4448
2268	580
3368	580
1276	3936
771	1276
1276	1699
2369	4413
3436	2088
3436	4307
1945	3436
2373	1276
1951	4413
4687	4413
4413	822
3436	2087
1345	626
626	4290
626	3698
4413	4330
1195	2231
2018	2231
4316	948
687	2231
580	2316
2918	580
2369	2231
580	3698
1017	580
1019	580
2917	580
948	3699
1260	4413
4413	2316
580	5072
21	4413
4075	4250
687	3637
867	4075
4075	4269
2675	1945
4075	2947
1433	771
1433	2898
4554	2231
4075	1945
948	3698
4283	2231
4075	2018
2081	4335
2369	4075
4075	2316
4335	1951
4484	1945
4484	3156
4316	4484
21	4484
4335	1372
4335	96
3368	4335
4484	4943
822	3637
3637	5020
3637	4283
1019	1832
4484	1195
4484	2081
4484	2018
3699	583
2108	583
2268	583
2310	2081
49	4316
49	4095
49	3701
2310	4283
2088	4335
867	4335
4283	4335
583	1796
583	687
2352	3893
3936	2352
2898	996
2665	3701
23	867
1019	2526
2665	1372
771	996
996	3936
867	2526
996	3701
2310	1345
822	2310
2665	4290
1945	2310
4330	2526
2665	4943
2675	1699
4316	2526
3698	2558
822	434
434	1290
2558	1017
18	2558
1945	2526
4686	2526
2526	4283
3734	434
4686	34
867	34
4316	34
34	4307
21	2558
2558	2947
2018	2558
3699	2558
2898	4322
687	1291
2558	4330
34	2091
1945	1291
34	4330
3699	34
2558	1699
2373	2558
822	2558
2316	2558
1291	4283
2558	330
822	271
2081	271
452	2117
452	3734
1974	452
3698	452
2558	2088
2087	2558
452	145
2558	4283
3936	995
995	3893
1260	452
2268	995
2369	452
1945	452
1017	452
2316	452
34	1017
3699	452
1290	452
2268	34
452	1629
2947	452
452	3898
18	34
3254	452
822	452
452	3389
4283	452
1945	34
3698	34
21	34
1449	452
4283	3682
1951	452
452	4250
4251	452
1629	4478
2898	3682
771	3682
3936	3682
3987	2316
4478	1019
4478	4083
4478	2018
1372	3682
4935	4316
4307	4935
4469	4269
3987	4686
4478	865
3987	4330
4283	3987
4478	822
21	1276
3680	4478
4478	4448
1945	2668
4478	3734
4095	2732
2732	3701
4478	1260
2917	4478
2117	4478
4478	3698
2316	4478
2369	4478
1392	3389
4478	4284
2316	1392
2369	1392
4448	1392
1392	1699
1392	822
330	1392
3936	4322
4959	1392
2108	4322
4322	4686
1392	3698
5020	4322
1392	2081
1392	1017
4322	4283
3136	867
4283	3136
1974	3136
1945	3136
2268	4935
4935	1345
1796	4935
4935	1196
1372	3106
1392	1290
4269	1392
1951	1392
3698	3136
4826	687
21	4826
4826	1699
1019	4826
4826	4095
2268	4826
18	4826
1187	4826
2316	4826
822	4826
4826	4448
4826	1945
4283	1273
1273	3698
1372	4826
1273	3898
3701	1273
3893	1337
3699	1337
1273	18
4283	720
1273	3699
1273	4330
1273	2081
4316	1273
4095	1273
1273	2268
4283	4138
3136	1196
3106	2087
3106	4457
1273	4686
1279	4686
2934	1279
2942	1279
3698	1279
1279	2018
1337	1019
3355	1945
1337	2268
1337	2947
2316	2656
1279	4330
2369	3355
2081	3355
3386	4330
2373	3386
3358	4290
4283	3386
3358	18
4307	3386
4686	3386
1372	843
3386	4316
843	4316
843	4290
269	3358
2268	843
843	18
3358	1372
3616	4826
1019	843
4826	3147
1195	4826
4947	1796
771	995
2934	1545
995	4943
4316	4301
3698	1545
3893	4902
1545	2942
4095	4524
4524	2268
1699	4947
4524	3697
687	4947
2316	4947
2898	995
4947	21
4448	4301
3415	4283
1748	771
4554	4524
4524	3701
1945	4524
1372	4524
4506	4524
1279	867
1279	2316
1345	1279
3699	4524
1699	3415
4524	4316
4524	2087
1260	4301
771	3555
2087	4287
2088	4287
18	4524
96	1358
3555	1187
822	3555
4448	3555
3697	4287
4283	4826
4269	4826
4826	4316
4287	2091
4287	1372
2018	4287
4287	5020
3555	1260
3936	4826
1945	3555
2947	3555
4826	4686
4826	867
4826	4250
4826	2108
4902	2268
1372	4823
4902	269
3699	1545
4826	3599
3555	4284
3555	21
3699	4826
3280	3351
1372	3280
3280	1796
3280	2087
21	2902
867	2904
2904	4316
3280	1345
3307	2018
1945	2906
2906	2268
3307	4316
3280	2373
3280	3675
2088	3280
3699	2906
1699	2902
4686	2906
2906	4330
2902	867
2268	3555
18	4287
3898	2906
1358	2117
484	4283
2268	2904
4307	2904
4307	484
4316	2906
2018	2906
3258	1699
2906	4307
4330	2760
822	484
3557	1345
2760	3699
2760	1019
3557	18
21	2760
687	2760
3893	2760
2760	2091
2760	4307
2760	3936
2316	484
4316	2760
4269	484
1260	484
2760	771
2760	3698
2760	2947
2760	96
1372	2760
3307	3701
3698	3307
3280	18
2760	18
2373	4840
867	4840
5027	3936
5027	771
822	2760
2898	2760
3675	2760
2849	918
1290	2849
1294	2849
822	4760
4760	2268
4760	4316
4760	1345
3386	4943
1945	3386
4760	4283
3699	4760
21	2323
2316	2323
1372	2327
2327	1290
3675	2323
2088	2760
2760	2373
822	3958
2087	2760
2018	3958
1345	4220
2934	2327
2369	3958
2327	1019
2947	2327
3179	2849
21	2327
3487	2849
4269	2849
3302	2849
2849	3254
1699	2374
1260	2849
1018	1260
4560	822
2849	1196
2849	4448
2849	4284
1195	2849
1187	2849
3179	1018
1002	2849
2849	3147
3254	1018
757	2849
1018	2088
1018	4448
1018	3734
2323	4635
2323	2369
2323	2088
1018	96
1018	3698
5072	1018
2316	1018
1951	759
1372	1018
2369	1018
1018	822
2374	1372
759	1974
759	2081
4560	1260
3262	903
903	804
903	4912
2894	2894
3988	3300
3748	3305
2894	666
4284	4284
3297	173
1373	608
1759	3325
972	972
1945	1945
4551	4239
2924	4551
3373	3365
6	2988
292	1164
2458	2995
2986	2982
1754	2458
3271	2019
4877	2098
2012	1754
1293	1293
3302	3748
1558	2300
289	289
2408	2410
3298	2239
1620	324
1558	2299
1094	5093
2842	5087
608	4442
3383	782
479	2948
2566	2646
2839	1504
1461	2952
1032	4953
2153	2817
2497	4953
4953	2096
2153	2819
2153	4719
1449	2153
3071	4989
1670	784
2310	2153
2310	4398
91	2894
3383	2423
2153	4989
1003	2728
935	784
4398	91
401	2724
1375	3156
269	2174
2153	1219
91	4285
2384	784
4398	2724
1877	4398
4398	1657
4738	4398
608	1413
2153	2859
2153	1362
4954	2153
1345	4398
608	676
139	2153
2153	271
3383	2153
2033	808
196	3417
3650	3805
608	2154
1670	1671
2153	2354
652	608
2882	1670
2096	1379
3842	2942
1665	2153
5020	630
1453	235
2384	1760
4729	4554
4030	721
608	2153
608	4438
1759	2863
3891	608
4756	3733
1003	2018
4077	2831
211	17
2212	3307
1526	2195
1062	720
2199	2212
4089	3864
2385	4425
458	464
3473	2154
2714	1402
2894	5115
2484	714
2067	2944
3650	1484
4252	2212
4732	349
2212	1288
537	2212
991	3094
4955	4957
1974	4071
2271	3536
5068	3071
1934	1974
3071	226
230	3071
3683	1451
3308	1947
1739	145
2865	2865
70	3805
3633	1293
2835	2541
4422	2941
3633	2281
4615	2941
2941	1669
1958	1958
1544	2786
2268	2891
3955	3955
822	3127
2891	1372
1951	3127
3127	687
3127	4457
1171	1544
2789	1544
1673	1673
5034	914
1669	5034
4422	5034
1673	5034
5034	1667
1674	5034
5034	3518
3476	3084
1318	3703
2	2220
3943	4468
306	312
4159	3675
1449	1657
5115	1657
1570	2153
2997	4222
3675	4160
3675	4163
51	3675
3517	5034
2996	4222
4222	2889
4222	4566
43	51
43	2529
43	3437
5034	1573
4064	3675
3617	3044
1143	43
687	3675
3301	3617
1706	687
3476	3033
3865	3301
2354	2888
4808	758
3301	5119
4826	2888
2019	2474
3805	425
4625	3618
70	3892
3444	4690
4690	4695
4695	2880
2880	4690
845	3449
1983	1787
3083	4690
268	842
4695	2878
4326	178
4901	3044
4690	2878
3083	2878
3083	4695
1863	4326
3444	4695
3417	4342
3060	3084
1078	3416
4234	4745
2165	2165
4246	4901
4901	792
3411	1078
3444	2878
3300	2986
1282	3300
5160	4501
4301	4301
2410	2409
26	1252
4540	4540
3909	139
266	139
139	643
845	4047
1024	139
312	312
306	306
5093	2220
631	2161
4619	946
2328	4619
2414	2409
4619	945
139	3007
3007	1263
3114	139
5093	2631
3300	3294
958	1473
440	3826
842	165
2144	3499
945	1252
4671	66
4314	2018
3256	3365
842	4047
1926	1787
3110	3300
91	2459
3002	2394
3294	3110
1070	5020
4919	2947
4919	21
18	4919
1866	3616
1866	687
3193	1070
1070	2108
18	1866
2369	1084
3698	1084
21	1084
1866	2087
4316	1866
4283	1866
3156	1866
822	1070
1945	3743
1945	1070
1974	1070
3351	3743
867	3743
1974	3743
3743	4095
4316	2240
1945	1084
2240	771
4283	2240
1070	2052
1070	2316
1070	2947
1070	2081
3699	3479
2373	3479
3616	853
4330	3479
4283	2174
2947	2174
2240	96
3898	2240
18	4153
3898	4153
2240	4307
4153	4283
3479	4943
21	3479
2087	3479
2088	3479
4601	3936
1951	4601
853	2117
4919	3698
4919	1945
4919	4554
4919	2268
4919	3699
5160	3044
2445	391
2553	3264
2088	4153
2087	4153
4601	687
3898	4601
4601	822
822	4131
4131	1345
4131	2369
4131	2316
1699	4131
269	4131
4131	2087
2088	4131
4131	4307
4131	4316
4131	4687
3675	4131
2108	4131
2051	2268
1196	1963
3898	1963
2268	324
867	324
324	1945
324	1372
4131	4290
1195	324
4131	21
3698	4131
4131	1017
4131	18
292	4554
292	867
3366	771
292	21
1372	3277
3277	867
1195	3277
18	3277
1699	3277
3277	4290
4316	4487
4487	687
147	867
4290	2891
143	2268
143	21
4316	143
143	867
4283	1210
1945	1210
4307	3366
2947	4743
4330	4131
4686	2451
2451	867
1210	2081
147	1019
147	3698
147	4283
3699	4131
2052	4743
4743	3698
1345	4743
3193	4743
2117	1866
2268	1866
1866	4686
4743	2081
4250	4918
3898	2363
1796	4918
96	4918
1699	1305
4095	4911
2363	1345
4316	2363
4911	4635
536	1372
4911	2268
2108	4911
4896	1372
4896	771
2268	536
1945	4896
4918	4251
2898	584
1945	584
2369	584
4918	5020
4344	4918
4918	4283
4918	4269
1832	1945
2316	536
1699	536
536	18
4918	2316
1832	2088
1832	3351
1372	1832
4757	2942
4757	2947
3616	4757
3156	584
584	3368
4686	584
584	4330
1345	694
694	3193
4686	694
694	4283
5072	3356
3922	4290
1372	3922
687	584
584	2081
4131	3351
4095	4131
1945	4757
4131	2268
2108	4757
4757	4506
4316	4757
4283	4757
1195	3356
4757	4307
4283	4911
1260	3356
1372	4403
4911	4316
1019	4757
1811	1945
21	3743
4331	3743
3743	1019
18	3743
3757	822
1017	3743
4382	4316
1974	3757
3698	3757
3757	2316
3757	21
3757	2081
2081	3743
1017	3757
1195	3743
2947	3743
3757	4686
3757	1372
3757	2369
18	3757
4457	3757
3743	2087
2088	3743
4316	3743
2268	4382
3698	4382
1699	2045
2045	18
694	4330
687	3757
2087	3757
2088	3757
3743	2373
3743	3699
3743	4330
3743	3898
3743	1796
3743	822
3743	330
3743	2091
3743	4457
1951	3743
3893	3743
4283	3743
4290	3743
3743	1699
3743	2316
4686	3743
3743	3156
5020	3743
2108	3743
2268	3743
10	2268
771	10
3697	3743
4307	10
4943	3743
3743	2018
2369	3743
3698	3743
3237	3743
3193	3743
3743	2052
3743	3675
2041	1196
2268	3094
2934	2041
2942	2041
3698	3094
3094	1195
4448	3094
822	3094
2113	771
1297	822
2113	3893
2113	3936
2373	1758
4316	1758
1297	96
1297	1945
822	2752
3699	2167
1758	1017
1758	1345
2752	2316
2369	2752
2917	2752
2752	96
2752	3698
2117	2752
145	2752
2752	3147
3095	4290
1372	3095
4283	3095
2752	687
2018	3095
3898	3095
4283	3094
1196	2167
1195	2167
18	2167
2167	1019
1017	2167
2167	687
2091	840
2538	840
3179	840
3487	840
1187	840
840	926
840	3389
840	3147
1372	840
269	2167
724	840
867	2167
4316	2167
2167	4686
4687	2167
2167	3351
2167	2268
4095	2167
3697	2167
2167	1372
822	2167
2167	4290
1699	2167
2041	4686
3675	2041
2041	4251
4457	2041
3473	2918
4269	2041
3473	1945
1372	3473
2041	2847
2041	330
2041	5020
3697	2041
2041	3157
4448	2041
3237	2041
3193	2041
840	4077
840	1195
1260	840
840	2117
4284	840
2041	3324
822	2041
3775	2041
2041	2088
2091	2041
2373	2041
2041	3699
4330	2041
2698	2041
1997	3302
757	840
2041	1019
1017	2041
687	2041
2316	2059
2041	1294
1290	2041
4283	2041
18	2041
3394	330
1945	3394
3394	2316
3394	3698
2059	3898
3699	3394
3394	3675
3394	5020
1945	2041
2917	2041
2041	2316
2369	2041
21	3394
1195	3394
2041	3389
3394	18
3616	2041
1260	2041
2041	2947
2081	2041
2041	145
2041	1699
2041	4943
2041	3698
2994	1290
1294	2994
2994	2698
687	3014
2994	1945
2994	822
2994	4448
2994	2108
1260	3014
139	3701
139	2268
139	4316
3014	479
18	3014
3014	21
3014	1196
3014	4344
3014	4283
3014	1294
1290	3014
4095	3014
3014	822
3179	3014
3697	3014
1260	2994
5020	4756
2316	2994
5072	2994
269	3014
3014	2088
3898	4756
2698	3014
3179	958
2781	958
4368	958
958	2268
1187	958
958	4448
1371	958
958	4959
96	3014
1345	3014
1196	3120
2316	3014
269	958
3699	958
958	1815
2088	958
4664	822
4664	2117
2081	4664
4664	2947
4664	21
18	4664
3120	1290
3120	822
958	1372
724	958
4290	958
2994	1195
4664	3699
4664	2088
4664	4283
3193	4664
880	2268
3179	880
4283	880
4344	880
1290	880
880	1294
5	880
880	4316
3699	880
958	1019
958	21
958	2081
958	2052
2167	2081
3616	2167
2167	3698
958	2108
958	3351
958	4283
4686	958
1796	958
958	2373
4077	958
958	867
3616	958
4078	958
958	3698
2396	958
822	880
4284	958
4448	880
5020	880
3254	4283
3254	867
3675	3254
3254	4686
3699	3254
4330	3254
4316	3254
2373	3254
513	1290
513	4918
2316	513
1372	513
330	958
958	3697
96	139
96	958
757	880
1951	2082
3699	139
139	3193
880	4284
880	2117
880	3698
880	1260
880	3389
880	2369
2316	880
145	880
3368	3254
3254	3193
2108	3254
880	1796
3576	4307
2091	3576
3254	330
2088	3576
1974	3254
3156	3254
3698	3254
822	3254
2947	3254
1945	3254
3508	2373
3254	2052
3508	2108
3508	4330
4290	3508
3508	867
687	4634
4269	935
2947	697
3369	4283
3508	18
1372	3369
3369	3368
5020	3576
3369	18
3699	3576
3576	2698
3576	2360
918	3576
3576	269
2373	3576
2087	3576
3576	867
5072	3576
4943	3576
2117	3576
4283	3576
1294	3576
1290	3576
4316	3576
4687	3576
3576	4269
4251	3576
3576	2911
2108	3576
4686	3576
3179	3576
3576	2538
3508	2947
4448	3576
1372	3508
21	3508
642	3576
4554	3576
3576	3157
3576	1187
3576	2898
1372	3576
822	3576
3576	96
2316	3576
3576	3698
3324	3576
3576	1699
3576	2081
1260	3576
3576	1195
2018	3576
867	4634
269	4634
1993	3576
2088	4634
3576	687
3898	3576
3837	3699
1017	3576
18	3576
3576	2947
3576	1019
21	3576
3837	867
4095	3837
2108	3837
1372	3837
3120	926
5072	3120
1260	3120
3837	4283
822	4661
4634	4330
2081	4661
2087	4634
3837	3701
3837	18
21	3837
1699	4661
4095	4634
4634	3237
4634	2108
4457	4634
4634	3675
3421	822
926	3421
1294	3421
697	4283
4634	4331
18	4634
2316	4634
2018	4634
4634	822
1945	4634
5020	4634
935	1187
1260	935
935	3179
935	1945
3837	2087
935	1002
3576	757
3837	2088
1372	930
1290	3421
1951	930
930	4290
1195	935
3701	930
935	3147
4283	930
1294	3430
3430	1004
4283	3430
3430	2268
3430	2108
3430	1945
1187	3430
3430	1260
2527	946
3302	946
946	918
5072	3421
3421	3324
3599	3430
1196	3421
3430	1290
946	4330
3435	3698
946	3893
3435	18
96	946
4316	946
946	2327
4686	946
4316	5009
1019	5009
3435	2088
2087	5009
4316	3435
2087	3435
21	3435
3435	4307
946	1372
4284	946
3326	946
1945	946
1713	946
2396	946
3147	946
5154	946
4856	1974
1004	946
4856	4095
4290	4856
642	946
1371	946
4269	946
946	1187
21	2488
4330	2488
2488	2373
3432	946
96	4856
4457	4856
3237	4856
2488	4686
1019	946
1196	3430
3699	3435
3147	3430
3898	946
687	946
946	674
4077	946
4856	18
4855	1974
2373	4855
4855	2087
1945	4856
4856	21
2947	4856
1019	4856
687	4856
4856	822
4856	3156
2081	4856
4858	4330
4686	4858
4687	4858
3368	4856
4858	5020
21	4855
4283	4858
1017	4855
2947	4855
4855	2316
18	4855
4855	2117
3156	4855
4855	3675
1699	4855
4855	2268
3576	3156
3675	3576
4855	3368
2268	3576
4686	5009
5009	269
5009	867
5009	2108
4858	1019
5009	4687
21	4858
4307	5009
4858	1195
3898	4858
1796	4858
4331	4858
5009	21
2947	4858
3616	5009
5009	18
1195	5009
2117	5009
3698	5009
1699	5009
5009	4290
1945	5009
5009	2316
1372	5009
1974	5009
5009	1345
96	5009
5009	2268
3351	5009
2088	4855
4855	4316
3699	4855
676	4687
676	867
676	4283
3237	676
5072	4837
4837	1796
4837	3324
4457	676
4095	676
676	4506
3697	676
676	1699
676	4448
4686	676
676	3675
1187	676
2781	2268
2781	5072
630	4330
4448	2781
2898	676
4290	676
1945	2781
3147	676
822	630
1699	630
2373	676
1945	630
1195	2781
630	4686
2316	630
1945	314
4835	4283
4221	4316
3179	4835
1260	4837
3526	4457
4835	4269
3156	3526
3526	4283
4358	3893
771	4359
2268	4358
3898	4358
4835	4284
3936	4358
4221	1372
1945	4835
2052	4840
3368	4840
3237	4840
4840	3156
4840	3193
1196	4358
4358	771
4918	2781
4837	1945
3179	4837
2698	4837
4837	822
4837	4448
1372	4840
4840	822
2081	4840
676	2087
822	676
3699	676
3698	3526
2018	3526
822	3526
1699	3526
2268	3617
2268	3383
3526	2947
3617	4316
4924	1290
4924	4269
3699	4924
4924	1294
1345	4924
4924	2268
2698	4921
3429	4554
4448	4924
3429	865
3429	1945
3429	2947
3429	822
3429	2316
3429	2934
3526	4330
3698	3429
2942	3429
3526	3699
3526	4686
479	3429
3699	1018
676	3156
4078	2849
1018	2087
4316	676
3698	676
676	3701
676	2088
676	1945
1017	676
2081	676
676	96
676	18
3429	2087
959	3675
2947	676
1629	676
3699	3429
3429	2698
4316	3429
676	2942
676	5072
676	2117
3616	676
757	676
676	2934
2018	676
676	1196
676	2091
4331	676
1195	676
1372	676
1260	4987
2934	4987
4987	687
3616	4987
4987	724
3698	4987
4987	2947
4987	145
4987	1974
3147	4987
2117	4987
4987	1945
4921	4448
96	4921
2316	4987
642	4921
2268	4987
4987	4686
4987	3179
822	4987
4457	4987
4987	4269
4250	4987
3237	4987
4283	4987
2781	4987
867	4987
4987	2538
3699	721
2942	4987
1017	4987
1290	4987
4330	4987
1993	4921
4921	1260
4921	1196
2018	4921
724	4921
3147	4921
5072	4921
4284	4921
4921	3324
4921	926
4921	1945
4921	1371
2797	4283
2797	867
3156	2797
4921	4635
4921	1187
3157	4921
4921	3179
1294	4921
4921	2268
4921	2538
2781	4921
3699	4921
4921	1290
3302	4921
4921	3599
3599	4987
918	4921
4987	3699
2698	4987
2797	4290
2797	18
3699	2831
2797	1195
2797	687
2831	2091
867	2831
4330	2831
4442	4283
4448	4442
4095	2797
4442	4269
3351	2797
2797	1945
21	2797
771	2797
3972	1796
2268	3972
4448	3972
1019	3972
3972	757
3972	5072
1629	3972
2797	3936
4457	2831
2087	2831
2831	2088
3972	3179
3972	3675
2911	3972
3972	4283
3972	1187
1196	4442
2316	4442
4442	2369
4442	3698
4441	687
4442	2018
4442	1260
1195	4442
96	4442
676	4330
630	2081
676	4307
4442	4284
4442	822
4442	3697
3389	4442
3147	721
1294	4442
4330	4442
721	1187
2360	4442
3487	4442
1290	4442
3699	4442
822	4441
4283	721
3972	3965
1017	4442
721	1290
721	1260
721	2268
1294	721
96	3089
2360	3089
1294	3089
1290	3089
4269	3089
2030	687
4330	1344
1344	3699
2081	3089
3389	3089
2316	3089
145	3089
3089	2117
4448	3089
2847	3089
822	3089
3089	4083
2030	1699
2030	4283
2030	3699
3698	2831
2030	822
4331	2831
2831	2052
2030	4943
1344	4283
2934	2030
2947	2030
2030	96
2030	2942
2316	2030
2030	1945
3675	2831
2831	3237
822	2831
4686	2831
2571	4331
18	2571
4506	2831
2571	1195
2831	2369
2316	2831
21	2831
1796	2831
2831	3697
330	2831
2831	1699
5020	2831
867	3988
687	2831
2831	18
4330	2571
822	608
608	330
608	3697
1372	3988
96	2571
3697	2571
2571	2087
3089	3699
4283	3982
3988	1699
3988	1945
2081	2571
608	4457
608	687
3680	37
37	3814
608	2108
4330	608
608	2373
4316	608
608	5020
4687	608
4686	608
3237	608
608	4554
2268	608
3156	608
608	4506
4943	1449
1699	608
809	3156
2081	1449
608	1372
2018	608
2316	608
608	2369
4290	608
608	18
3616	608
608	3698
608	2052
3697	37
21	608
608	2081
2081	815
2947	815
1444	1196
815	2052
1344	2268
1444	2081
1449	867
3368	1344
1449	2087
2088	1449
1449	3698
2373	1449
4686	1449
1372	1449
3351	809
3893	1449
4987	4959
4448	4987
1187	4987
96	809
4283	809
3898	809
1195	809
822	815
815	330
2108	815
4330	815
815	1699
2316	815
815	2369
815	1945
1945	947
3473	822
3473	2369
3473	3324
96	3473
3473	1002
3389	3473
3473	4448
3157	3473
3473	4686
3473	3775
3473	3680
3473	3179
1017	3473
3473	3254
3261	1372
2087	3261
18	3261
2081	3473
2947	3473
1195	3473
1019	3473
3473	3698
3473	5072
3473	1260
1993	3473
3473	2316
4284	3473
3473	3734
3473	2117
1945	5190
1699	5190
4918	5065
5190	3699
4316	4556
4613	1945
2087	5065
822	4613
1195	37
1196	37
2268	5190
37	2316
3389	37
37	822
4613	3389
3473	4269
4283	3473
5	3473
37	1260
3473	2360
2091	3473
3473	4250
3699	3473
3698	4543
687	4543
3473	2087
4543	4290
4543	269
2268	4543
3473	4330
5065	4269
3342	1974
3342	2369
1372	4543
4686	3342
96	3226
3342	867
2316	3226
1945	3226
2947	3226
3711	4330
4330	3342
21	3226
2752	3680
3226	4554
4448	2752
2752	3254
3697	3226
3226	1699
3226	822
3226	330
4250	2752
3711	21
2752	3599
2752	2088
3697	2752
2752	4344
4283	2752
4269	2752
3711	1260
3261	2941
3261	3898
4687	3263
2752	1290
822	3711
4554	3711
2316	3711
2268	3261
4283	3261
4316	3261
1699	3261
3261	2316
3261	1945
3701	3261
3263	4686
3226	4457
4283	3226
867	3226
4307	3261
2088	3261
3261	2091
3699	3261
3156	3261
3616	3263
3263	21
2088	3226
3263	4290
3699	3226
3226	2091
3226	2108
4330	3226
1260	3089
3089	2018
3263	2316
3089	3698
269	3263
2108	3263
3263	18
3263	4330
3131	3383
4989	979
2794	3383
3383	784
2922	3383
3383	2817
2433	3383
3383	5193
4989	3092
771	654
1642	4989
2549	4989
3383	4766
2458	4989
2823	3383
3383	2549
2799	4835
4835	3193
4835	3195
4848	4835
3189	4835
165	845
842	5043
454	842
2195	3383
3192	4835
1073	4835
3287	3383
4096	3383
4835	3188
3197	4835
233	4835
4837	3560
4837	121
3970	4837
4837	234
2470	4837
3181	4837
14	4837
4837	3186
3193	4837
4837	3386
3197	4837
4835	3289
4837	3192
4837	1895
2802	4837
233	4837
4840	3289
2229	4837
3195	4837
3429	2706
654	2938
654	4030
2543	4837
4989	4030
1345	4837
2799	4837
3183	4837
3189	4837
4837	495
4837	1409
4849	4837
4837	3188
1776	1460
1776	2319
357	1776
1776	4730
1776	4895
11	1776
1776	784
4397	1776
2391	1776
1776	4791
3733	1776
1776	5135
1776	537
1776	4151
2817	1776
1776	23
2994	4456
4837	3289
4837	3840
4837	4848
1776	4329
2994	4080
5088	2994
2994	2504
1776	2700
317	2994
2994	2313
3733	2994
1776	3974
1776	2699
2355	1776
1776	3016
4502	4613
1102	4613
1278	4738
3473	2934
3473	1828
4613	4886
936	4613
5085	3227
5020	3227
3473	3700
3473	2870
3014	4051
4881	1953
1953	5088
3227	1972
3014	1094
1465	1776
3172	1776
1224	304
2819	1776
884	304
4442	304
608	2791
4279	654
608	2788
608	2051
4738	1031
4442	1961
4738	3078
4738	2370
4513	4613
529	4738
632	208
1088	1621
208	4730
3299	208
1164	208
1442	1621
1074	1621
1621	2298
2946	1621
1621	3609
3387	1621
308	1621
2803	1621
4595	1621
1621	1931
1076	1621
1450	1621
2697	1621
1621	2095
3722	1621
3798	1621
1621	5121
1621	3969
1054	1621
1621	4022
1621	1803
1621	1991
4597	1621
4645	2734
1621	1441
3448	2734
4279	2734
3547	1621
1621	4398
2696	1621
1621	3762
3342	1621
1402	1621
1806	1621
4936	1621
3576	1621
1621	3550
1621	3546
1621	4064
1621	2320
3611	1621
1621	2894
2534	1621
1621	3429
1621	4097
1621	1671
3963	1621
1623	2817
2819	1623
2700	1623
3426	1621
1828	1623
1621	1776
418	1776
1621	4933
208	2093
2735	208
2161	208
1623	2699
2549	4889
4889	2844
4889	1628
3089	4889
4590	4889
4889	4096
55	4889
552	4889
4889	2894
150	2394
3501	150
3609	1594
4627	4889
5020	1594
1594	4331
1594	16
1130	2728
150	4089
2726	3981
401	2728
2779	150
4368	1594
293	150
150	3002
2123	1621
3064	3675
1621	2706
1621	3663
4770	3065
2817	2726
3064	4770
3675	3065
4766	2175
2175	2714
454	845
2949	16
1735	6
1735	5020
3174	842
3110	1735
2718	3981
3975	2718
2949	880
2938	2718
4524	4038
2949	210
2175	3289
4488	4524
2164	208
492	208
208	1282
2726	2718
208	631
208	317
208	2752
4524	4796
4889	4785
4889	4260
4889	4492
208	2699
208	2166
3325	208
2892	208
111	208
2363	1585
2216	2363
1697	2363
1083	2363
2521	694
3415	3053
4521	2363
3127	3415
5008	2363
193	349
349	2096
349	1465
4605	2363
1725	2363
349	1911
2363	4080
349	856
1619	349
2497	349
2149	349
349	1479
510	349
2248	349
349	1585
352	349
3424	349
349	2483
3184	349
33	349
349	4605
349	4973
349	4156
4169	1585
3263	2239
3993	2239
1636	4169
4169	356
349	320
3136	349
4954	4502
3496	2363
4169	226
4839	4169
4169	1434
4169	4973
913	4169
4169	463
4169	4156
2814	2363
4973	2363
4267	2363
381	2363
354	2363
2363	3815
1160	2363
2363	4502
2363	3018
2363	3391
2151	2363
1016	2363
2845	2363
2930	2363
2363	2844
510	2363
2363	2096
2363	2581
3549	867
2363	5167
3040	2894
4179	2789
996	1832
3549	1076
4179	1832
4766	5043
1369	3300
2706	3722
651	165
3300	3237
3300	2617
3300	3254
3300	2111
3300	2224
3012	3300
4766	3300
3255	3300
1849	3300
3300	3284
3300	3282
3300	4430
3300	2626
908	3300
4205	3300
2623	3300
1028	3300
1716	3300
2081	3300
4954	592
3300	1449
3256	3300
3262	3300
4954	4274
4954	2129
4954	3299
4954	2826
4954	510
3390	4954
1566	4954
2414	4954
178	5009
4954	3454
4954	1075
2844	4954
1832	1130
1170	2819
2706	3969
1606	1653
3861	2394
1931	2706
4718	3769
3861	293
782	2882
1433	1832
2706	3414
2824	2821
3014	357
3319	3127
1134	1832
2706	2803
4912	625
3373	4912
3253	4912
580	625
4912	2936
536	4912
4912	3255
4912	624
585	1832
3404	3294
3294	145
622	4912
3663	3014
4770	3014
3014	4398
3294	2834
3409	1832
4349	3328
4530	1832
3413	1832
3319	2683
3027	1832
4179	2683
4675	1832
2412	2410
763	3319
1832	2683
2683	3499
536	580
3255	536
3328	3319
580	2936
3300	3365
3397	3294
3294	3365
3300	3368
3300	4456
1250	3294
3300	3979
3999	3300
2628	3300
3300	3681
4564	3300
2088	3300
2683	4349
1444	3300
1832	941
4349	3127
3253	3294
2746	3294
3012	3294
2661	3294
3294	2833
3294	3368
96	3294
4564	3294
3294	3923
3294	3255
622	3294
3294	3670
3254	3294
3294	3262
3294	1358
3256	3294
3415	4895
3415	763
3415	401
212	3346
401	3346
3415	569
3415	2817
271	2401
3294	2781
3294	3957
4020	3294
3415	173
357	3415
3415	1130
358	3415
402	3415
5007	271
2706	1345
2706	2946
2407	271
2706	3772
2706	745
3963	2706
2095	2706
951	3386
271	1145
271	4185
2322	271
2875	271
1104	271
3798	2706
271	181
3357	1832
4142	3975
812	1832
3360	1832
4142	259
91	4397
4142	2938
1832	3705
6	2706
4172	1832
3501	2706
2706	2330
1832	4171
1832	796
4233	1832
1832	658
694	959
1032	694
694	784
694	652
3415	996
2173	694
1760	694
873	694
1665	694
3732	91
2144	4675
2037	91
694	4937
694	1362
694	4398
694	1047
3325	916
3127	1463
507	1463
1463	4178
587	1463
1463	2933
1463	996
1463	3319
3267	1463
1463	1716
3989	1463
3705	1463
1463	2817
1463	4329
1463	4807
1463	941
4782	11
4395	2819
2174	4686
4782	517
3605	1402
930	2188
4441	409
1402	1739
4686	877
1402	2713
2947	877
4899	877
877	3157
877	4132
916	5093
1796	877
1130	1463
762	1463
991	1463
1463	1027
1463	2486
3071	3640
1463	1175
992	1463
5134	3071
3071	865
1463	2699
1642	3071
3071	979
2819	4329
1239	3071
2303	784
1449	1463
846	357
565	846
173	271
1463	358
1463	3328
1463	3981
1463	3894
4207	1463
569	1463
763	1463
1463	4704
1463	3053
1463	4145
1463	1433
2178	1463
225	3734
3016	4151
3319	3016
258	4142
1665	3325
1433	1665
1665	5093
3016	1130
4142	4093
3002	4142
4142	2300
4142	977
3053	3016
4142	440
204	4142
4142	4089
4089	977
1011	4782
4510	1195
3494	977
4859	5138
5138	1433
3659	225
5138	941
1665	2817
1670	2922
4075	1665
2433	1670
1670	4766
1958	2659
3608	1670
173	1195
537	2144
3981	4151
4151	2144
2144	2442
2780	2144
3053	2144
2144	1433
2153	2144
4151	1130
1737	5138
4151	569
4151	3053
4151	941
4807	4151
2144	2647
996	4151
4212	774
4212	4807
4212	4397
1849	4212
4212	4279
2789	1463
1463	2932
1463	4530
512	2144
2697	6
4252	2144
1931	6
2696	6
4089	3014
6	173
4212	401
3267	288
2786	288
602	522
288	2744
522	2365
522	5004
522	299
3379	522
4081	1206
5138	4324
3874	292
1206	2898
288	1465
1206	2647
288	4397
3789	292
5138	1262
5138	215
2932	5138
5138	2407
3053	5138
4340	5138
5138	507
1206	4791
4819	3733
4826	3478
1601	4819
996	5138
5138	2515
4807	5138
4325	5138
401	5138
3415	2153
3541	324
324	1849
324	4881
4819	3501
3599	3415
4819	3734
3415	3998
4661	723
91	2038
2823	91
4075	91
4686	324
723	2153
324	2339
173	723
1811	763
1811	5115
1811	2240
4848	1811
1811	3053
3595	91
3956	1811
1094	91
3972	3537
1811	3193
4895	3537
1737	3537
1811	2823
1811	4530
3997	821
1811	762
4215	271
271	3016
846	400
271	5043
271	2320
271	2399
271	4766
271	3716
752	271
4151	271
271	2500
271	4341
271	2423
3386	3704
271	3110
271	3264
3346	729
3358	3386
3386	3950
4093	3386
4826	3598
3180	4826
2954	4826
3733	3346
3130	4826
4826	4151
4826	3135
4826	3529
4605	3560
121	4605
4605	3473
4826	1001
3267	4605
4605	4954
4605	4093
2229	4605
4605	5115
4605	1214
3175	4605
4605	6
3014	4605
3383	3092
2699	3383
1968	3383
3712	3383
1094	1828
2214	3383
2195	1094
645	2659
2549	1094
1382	2844
645	1445
2784	2844
2844	5
2647	4398
2844	3095
2330	4837
2550	4398
5142	846
2153	4398
3997	4556
4506	5097
522	1884
4368	3997
3218	4889
784	3016
784	3890
3618	784
4889	1301
3092	4889
3091	4889
405	4889
2489	4889
4889	1526
4889	3131
3481	4889
3891	288
3891	4083
2195	4889
2607	4889
16	3891
3891	4686
3891	5088
3891	2039
3891	1642
497	3891
3891	2064
979	3891
3891	4279
958	3891
3891	2955
374	3891
3891	3426
4030	3891
3891	5020
3157	3891
212	1665
1665	512
4279	1760
4859	1665
1760	4881
1760	958
1760	880
1760	979
1760	1595
5088	1760
1759	2864
3157	1760
2551	3387
4397	2551
107	2551
2551	2407
2059	2354
1658	2354
915	2354
3273	2354
2354	2137
2354	452
2354	1727
3016	1362
3668	1345
3732	1345
1094	1345
783	5087
6	783
4766	784
1345	784
784	5170
5115	784
784	4151
1601	784
2037	784
3501	784
3732	2310
1094	2310
4151	5115
3890	782
2433	782
2240	782
782	4782
1670	782
782	3016
784	4782
784	2240
2752	2188
2685	4645
4151	782
3267	782
782	5170
4766	782
2922	782
782	3501
4430	2235
4430	3448
2984	2685
145	2685
2685	4279
2685	979
2685	4030
2685	16
1642	2734
1589	2734
2734	3175
4030	2734
3700	3891
214	3891
979	2734
3891	1595
2817	3071
3071	4151
4766	587
4766	1130
2894	1978
2894	1164
3071	2819
2894	3267
4766	569
507	4766
4766	941
2789	4766
4766	763
4766	2065
3899	4766
4766	2416
4766	2932
4766	2972
4766	4530
1803	4766
1504	4766
4766	358
3016	4766
4766	992
2613	2313
979	2613
2303	782
1658	2303
2613	317
173	2613
2613	59
2613	1164
2153	957
2310	1877
2153	4397
1504	2153
3289	2310
2310	1208
4766	2310
3541	2310
3478	4716
2619	4716
772	4716
3529	4716
4716	4191
4716	5170
3180	4716
1056	4716
288	1413
3011	2613
2613	2153
2613	4754
1021	4716
4716	3100
4490	4598
4895	4598
2817	1433
2819	173
2392	5048
2705	2392
2392	2709
2392	4587
2096	3131
3171	2096
4142	3712
4212	4895
3909	884
2817	569
268	2817
158	2817
2817	3264
4341	2817
2227	4954
4189	2227
2955	2227
2227	402
2153	3016
2153	158
4871	2153
2153	2500
1345	2096
1665	2096
3300	4177
2096	4398
1175	2227
3894	2227
2227	2925
2233	2227
1665	4325
2863	1665
4671	1665
11	1665
4215	2153
4782	2978
2153	3110
2153	1465
13	2153
2153	3909
2153	3539
2153	752
1642	608
2000	2153
608	1032
608	2191
4397	1665
1737	1665
1665	2898
2713	1665
107	1665
1665	3981
1665	3894
992	1665
1665	1130
1665	2500
4907	1665
2951	1665
4998	1665
1665	358
993	1665
1003	1665
1665	1262
1175	1665
1665	774
1665	1597
1665	1899
4951	1665
4807	1665
1968	1665
1665	996
4895	1665
2932	1665
206	1665
2817	173
2817	3053
2817	507
569	1665
4638	608
4030	608
608	1034
608	4704
1619	4671
293	4089
608	979
654	4395
4089	2817
4212	357
259	4089
258	4089
507	1665
401	1665
787	4212
402	1665
2096	3690
3692	4371
1585	3690
3690	2497
1126	3692
3692	2414
4550	3692
3692	3060
1731	2497
3690	952
2394	1731
1731	2994
3690	704
4550	3690
3690	4973
4605	3690
3690	3111
1731	4277
1428	1731
1731	4480
4622	1731
435	1731
2299	1731
3690	204
1731	4705
902	767
3947	767
767	1479
1731	222
2096	1731
1047	1731
1731	1160
204	1731
1731	661
1731	284
1731	2945
1859	1731
2054	1731
3889	1731
3844	1731
3002	435
4622	3002
4080	3002
1731	3005
3786	1731
4314	1731
381	1731
1162	1731
3002	1540
4006	3002
1731	3771
1750	3002
1731	2516
1731	3295
2299	3002
3002	688
3692	252
4813	3692
2994	3002
4502	3692
3002	4705
3787	3002
1644	3002
1160	3002
3002	1383
2471	3002
3002	3731
3451	3002
3786	3002
3002	3871
3002	2497
3002	2414
3002	3157
3002	3692
3002	3889
3002	510
3002	2701
3002	4442
3496	3002
3002	284
661	3002
3002	3098
3002	1668
3002	5088
4314	3002
4480	3000
4705	3000
3000	2165
2497	3000
2265	3000
3584	3002
2070	3002
3771	3002
4649	958
2414	958
958	3640
1590	767
1585	767
2497	767
4429	767
2844	767
767	258
3936	767
76	767
2457	767
767	3123
767	1016
333	767
2862	767
767	4502
3935	3298
767	4480
594	767
5034	767
767	1220
3350	767
2179	3298
3298	4277
767	510
2945	3298
3298	1098
1011	3298
1016	3298
3627	3298
3002	5014
3097	3002
3298	2717
3002	4814
4990	2484
958	2096
4705	958
2216	958
721	2484
2844	2484
2945	2484
2930	2484
258	3692
2484	2414
510	2484
2484	258
4649	258
258	3786
258	2414
258	5117
3692	3391
4615	958
3692	4080
2581	3692
958	3018
177	958
3871	958
750	958
958	4193
2484	1511
2163	958
958	4371
2484	4542
958	4973
1589	2484
2239	2484
1009	4371
3438	1009
958	3496
1009	510
2497	1009
3295	958
2096	1009
1009	4705
3664	1009
1322	1009
510	958
1016	1009
4267	958
958	506
2435	958
958	3157
1160	258
2102	258
2779	258
1553	1009
2382	1009
2414	1009
1072	1009
3268	1009
3496	1009
1608	1009
902	1009
1009	3747
1009	1871
1009	918
2945	1009
1009	4307
2096	4309
4309	1032
4309	1047
4309	4429
387	4309
1951	4309
4044	4309
2054	4309
4309	152
1449	4309
4309	4605
3868	4309
4080	4309
4309	4480
4309	1644
4309	1718
510	4309
1558	4309
4309	455
4309	4550
3039	4309
879	4309
2355	4309
1833	2363
2945	4309
4309	2844
4309	805
4277	4309
784	4309
4990	4309
121	4309
4309	594
3468	3692
2717	3692
5190	3692
721	3692
3692	2497
1585	3692
3692	990
3692	2354
4309	2363
2924	4309
4502	4309
4309	2862
3692	409
510	3692
4309	3391
4889	3692
3692	3910
222	3692
3692	4480
4615	3692
4309	2994
2216	4309
1585	4309
3692	915
952	3692
3692	4973
4605	3692
2216	3692
3692	3123
4511	3692
609	3692
773	3692
517	2433
2433	2207
2433	3656
2814	2433
1867	2433
2433	1475
2844	2433
2433	1354
3878	3549
1533	4470
510	2433
3549	1991
4311	2433
2433	4193
2433	3107
1214	2433
2433	3239
292	2433
4480	2433
2433	4612
4653	2433
1231	2433
1585	2433
2433	387
2930	2433
775	2433
2845	2433
2433	1032
1047	2433
2058	2433
553	2433
2433	1141
4954	4973
4954	3935
438	4954
4954	1032
930	4954
4954	4128
4954	706
5170	4954
4954	2497
4429	2433
2433	3565
382	2433
2096	4954
4050	4954
4954	1047
4954	2581
4953	517
2433	1299
5157	4953
1299	4953
5170	4953
4953	1047
467	2433
4953	3467
1590	4954
1762	4953
4954	2216
1585	4954
4953	2844
4953	4274
3935	4953
4953	3103
3014	1779
1278	1953
3361	4912
1451	1953
3368	4912
3369	804
1953	3078
3373	3368
4912	3374
3373	3361
3369	4912
3256	3373
2229	1248
4274	2239
3362	3373
2239	4502
4954	4485
4954	1016
4403	4954
2772	4954
4912	3362
4912	804
4912	3365
4954	1762
4038	4038
1402	4600
3256	4912
4912	3367
686	4556
3373	3253
3255	3373
4273	755
3772	2946
4715	3769
3769	4719
3394	842
3255	3365
2817	2965
4955	4446
806	1832
2965	2699
4751	2706
4748	2706
4766	3174
4766	3286
4735	4130
862	643
4954	2525
3365	804
3048	624
3373	624
2229	121
3722	3772
3368	624
3549	2335
845	842
4933	3549
3000	902
1088	3549
3549	2702
2676	4766
1074	3549
2946	3722
2407	4766
3727	3826
3826	3182
204	3826
1057	1666
1734	1666
1666	4749
3223	1666
2497	2239
2239	706
2239	4480
2239	4881
2924	3298
3298	631
2862	3298
356	3298
1666	1272
4880	1666
266	3298
3298	2414
1666	2497
916	3298
1760	3298
517	3298
3499	3298
3496	3298
5167	3298
3298	3863
3298	1510
3298	4267
3298	2054
3157	3298
3298	167
3103	3298
4231	2229
1553	3298
3298	3692
2229	782
2229	2102
4652	2229
1603	2229
494	2229
1847	2229
2229	4749
2865	2229
2845	2229
2229	3560
2229	450
510	2229
2229	652
3293	2229
2287	2229
3373	2229
2229	1047
2229	2432
2497	2229
2459	2229
2717	2239
2229	1032
2229	4480
2229	3171
2239	3390
4990	2239
2239	3103
3935	2239
3826	2883
3826	4504
3826	651
2169	3826
1731	4834
1731	3692
3690	1731
3826	4267
3012	3826
2844	3826
3826	2886
3097	3826
3826	3779
4868	3826
3826	4834
2544	3826
998	3826
4700	3826
261	3826
3826	1428
3844	3826
1859	3826
1883	3826
4375	3826
3826	1585
2229	1650
1047	3826
3826	4653
1016	3826
3826	3731
3826	2994
375	3826
2433	3868
1767	2433
2433	2459
4973	2433
1032	3826
4622	2433
4429	3826
2096	3826
2433	2550
2433	952
3826	5116
2433	3919
2994	2433
510	3826
2433	4605
2216	2433
3826	2626
3826	1236
3826	2701
3826	3496
284	3826
2433	3467
2323	2433
4381	2433
3826	1668
3826	2874
4314	3826
2414	3826
3005	3826
3826	4502
3138	3826
2516	3826
4277	3000
627	3000
3000	4848
1504	3000
4346	2484
4169	3000
4193	3000
3000	4147
3000	1072
3000	2945
1608	3000
2484	3872
1185	4953
2484	517
2484	1346
3000	3039
2484	1601
4310	2484
1504	4953
2484	1460
4953	4352
3008	4953
356	2484
3760	4953
4953	3571
4953	4349
879	4953
950	4953
307	3826
2457	3826
4953	2471
1775	3826
153	3826
4193	3826
501	3826
2719	3826
767	1129
4044	3826
4155	767
1731	5175
354	3826
767	4493
3826	548
2054	3826
121	767
482	3826
590	3000
482	767
896	767
767	315
1322	767
554	767
972	767
3000	4775
3000	2201
3000	2569
3000	3338
3000	1558
3000	5176
3000	4943
3533	3000
1665	4420
4420	548
4420	5190
1666	438
1872	4169
4169	1450
4420	647
4420	4953
4420	2938
4420	2945
4141	4420
5081	1666
353	1666
4886	1666
2363	4169
159	4169
4420	4889
4333	4169
4169	3995
2212	1666
1666	1056
1666	357
1666	4030
1666	863
1666	1345
1666	4552
3597	1666
958	517
958	3056
3555	1666
958	4893
2031	1666
1666	1844
3629	1666
2573	1666
3567	958
4953	357
958	1460
1718	958
4953	977
958	4723
4953	4591
2573	4953
958	11
548	958
4420	4408
958	5175
958	2148
2752	958
958	4330
3773	958
958	4204
4420	4624
1978	4420
4420	939
4838	958
647	958
958	4067
4508	958
4420	4244
4332	1009
4742	1009
3429	1009
3366	4420
1640	4420
2435	4420
4420	703
1009	627
4055	1009
2924	1009
2627	1009
4147	1009
1009	3039
1009	3229
4169	1009
1009	590
1009	4740
1009	936
1009	1927
1009	5020
2014	1009
1539	1009
1009	4848
3692	2457
4990	1009
4204	1009
4044	3692
2239	69
2239	1410
350	2239
4838	1009
1009	1422
1009	2752
4569	1009
1009	4277
4633	3298
4423	3692
3786	3692
1009	4193
2239	4838
2239	4551
3310	2239
2239	4277
2239	2824
2239	2647
2945	2239
2239	3202
2239	1671
2239	3499
2252	2239
2239	5175
1942	2239
2258	2239
3247	2239
2303	2239
594	2239
1009	3845
1009	3200
517	2239
1958	3690
1718	2239
2363	1335
3690	4044
13	2239
4410	2239
672	2239
1016	2239
1009	1381
3863	2239
4979	1009
1009	600
2363	3295
2363	2739
2363	2173
2363	4428
2363	1609
2363	1578
638	2363
2008	2363
2363	258
2363	4841
1874	4309
2363	4277
4309	2323
645	4309
3690	3786
4848	4309
3298	1503
1615	3298
2768	3298
902	2363
4848	2363
2363	2369
2363	1608
3826	4584
3826	902
2363	779
3111	3826
1422	2363
2363	4706
2363	2144
2363	4132
2801	2363
3273	3298
4309	2110
2081	4309
4309	3081
4309	3295
3298	939
4832	3298
3442	3298
3298	4828
384	4309
4309	5069
4309	1335
3298	1389
3298	4958
3298	1618
3298	1613
3473	1779
4472	4309
2789	3319
2096	1779
4309	3255
100	4309
5109	4309
4309	3254
1751	4309
4309	3552
4464	4309
2555	4309
258	4309
4309	1728
1885	4309
2578	4309
3043	258
1016	4309
3298	3567
3567	4309
2953	4309
3903	258
258	1859
645	258
258	3844
258	3689
3731	258
35	258
258	39
2693	2363
3690	2862
2363	721
4309	2563
2355	958
4734	3000
4734	4309
1608	4309
618	2363
836	3000
4309	836
767	4277
4309	1421
2717	2484
2979	1731
435	258
4309	902
258	4759
2459	258
2484	4734
4309	1833
1558	767
1608	4169
4169	2563
2563	4420
767	4734
2363	2563
1666	2563
2563	1009
2484	2563
1558	2484
258	5042
258	3468
2563	2229
108	258
5113	2229
5113	1666
3826	1759
4309	721
4734	3690
13	3000
4420	4732
4169	5113
2363	4013
3000	2014
721	3690
1608	2229
4734	4420
3826	4734
258	4734
2676	3690
591	258
258	4193
258	510
258	4187
258	3871
4383	258
3665	258
258	3474
258	2163
4889	258
258	2384
3900	258
150	258
1016	258
2945	258
2844	258
258	4318
258	1980
258	585
258	1031
1585	258
4027	258
258	2930
1809	258
258	4782
258	4371
258	4615
4090	258
258	109
258	4646
384	258
258	3437
258	1691
2054	258
258	138
258	4559
258	2581
258	387
3157	258
1529	258
4954	743
4954	356
258	3214
3469	4954
258	5069
1944	258
4973	258
4261	258
3114	258
258	284
3049	258
1311	258
4325	258
775	258
258	1525
178	258
2042	258
2941	258
258	1847
293	258
258	4314
258	1796
3007	258
2701	258
3000	1869
2774	1666
409	3298
4198	2229
1940	349
4309	409
1986	349
349	2158
1803	258
1869	1009
2239	258
258	902
3690	325
258	4002
3690	1389
5033	3298
258	836
4954	357
2924	258
1833	258
258	117
258	1096
2444	258
1872	1009
4954	879
4954	4161
214	4954
4954	2188
4954	4614
258	1860
1364	258
258	1072
349	939
349	3692
386	349
3008	4954
2229	284
4954	517
4430	2363
349	440
13	349
5092	349
2064	349
349	4734
179	4954
548	349
349	2945
4314	349
3135	349
349	831
3308	349
2605	349
4408	349
349	3786
349	3079
349	2862
1666	567
1666	1800
349	4324
1666	1163
349	2620
349	1509
1441	349
1439	349
3690	4700
3692	2558
1666	2454
3000	4617
2363	531
3690	978
2229	1961
2518	2229
2558	3690
2229	3499
2695	2363
4055	3000
2229	3493
877	3298
1666	3499
3493	2363
121	3690
409	2229
2363	409
767	2831
1666	452
2978	4309
2978	3690
3692	121
4430	2229
1194	2363
2229	215
728	2229
2978	3298
2417	3000
2363	1103
3780	2363
3000	4728
4309	3000
3000	3871
2229	4559
3690	4732
2229	590
592	2229
349	4889
2229	4959
1666	4959
1102	2229
1666	885
4169	1016
2363	106
4722	2229
713	3690
2484	1208
2229	688
4906	2229
1666	3082
3692	1775
3690	1775
4722	1666
1871	3000
3860	767
2229	3860
4700	3692
3000	3117
3000	340
3690	3138
2229	2454
2363	1450
234	139
3379	139
884	139
40	873
2799	139
249	139
3840	139
3197	139
139	4093
4895	1623
139	3188
3972	873
233	139
40	1208
2096	436
2646	3014
3053	2728
2728	5135
4766	1208
1208	2407
3972	1208
2933	2728
2817	1621
1623	11
1623	1849
1433	2728
2728	4807
1665	2728
1262	2728
930	4415
1623	5135
1621	2153
4464	1621
1623	3016
4051	1623
1623	418
2319	1623
3192	139
565	1621
139	2111
3189	139
1621	2699
1621	173
1621	2700
1621	2819
3264	3053
3769	1548
3002	4738
3264	3345
2754	815
4207	5190
2942	3473
815	3014
2063	308
2063	1054
3264	6
2063	1645
1219	3264
3264	4341
1845	3226
1504	3264
4398	2063
1828	2063
4616	139
1779	2549
1779	1979
3387	2063
2063	1236
3732	2063
3733	2728
4958	2728
1737	2728
2063	3609
2894	2063
4075	2063
4056	2063
2063	2706
1645	3541
2895	3541
1968	3541
3387	3541
771	3541
401	2839
2839	6
4958	2842
401	2842
2842	2153
1504	2842
4325	2718
4093	2842
4520	4398
4075	4520
4989	10
1953	3683
357	10
4530	1953
1953	5135
3014	1877
198	1953
3014	3732
4075	3014
3014	4791
3014	2394
4520	1877
4520	1094
3473	2888
4520	3732
3264	2442
1001	5190
4020	4151
824	325
4625	3972
824	1861
5193	4713
87	4759
210	824
2213	4713
3789	4759
4626	2280
4713	2240
4759	4653
5135	4595
3053	4595
2926	4626
4595	1748
4595	825
4595	2037
2319	4595
4595	4182
458	304
4441	2549
173	1449
5134	4595
4595	3744
4595	2819
4595	357
4279	4595
3541	3789
2940	930
1557	930
4595	1623
1558	1731
440	1558
204	1558
4080	436
4782	721
2707	3972
2707	40
4807	1558
1558	2153
1558	4093
771	1558
1558	1162
436	2869
3064	2194
3734	3064
1558	259
1570	752
4341	1570
752	3297
1570	2320
1394	6
5093	4566
1570	3264
1394	4151
3297	2153
632	2161
4584	4782
3297	3264
4661	1570
1570	3110
4686	2161
173	1570
2714	4523
4521	3789
712	4521
497	4566
4873	3289
2713	4523
2713	4873
4873	3040
2713	1208
3789	1394
1394	736
1973	1208
3769	4521
87	1394
4242	4873
4521	4713
409	400
1737	409
409	173
409	2173
3387	4873
297	1657
1657	3732
1444	1657
3565	4873
2714	4873
4873	4151
4873	2894
4216	4873
1657	494
2407	409
2153	409
3250	2870
2410	3250
3789	3250
2685	2898
2685	4151
2031	701
5134	2685
2188	2153
1130	2188
2685	576
2685	2319
784	4871
2137	784
4556	877
877	1736
4093	784
4585	2719
512	2719
4075	1877
5134	2719
3712	1877
2063	1877
4889	3040
1759	3931
4889	4881
3595	4889
3675	3250
1877	2817
4889	3387
3014	3250
2549	2173
2214	4889
1504	2432
2719	5023
2950	2018
2432	3156
4502	2719
173	2944
972	2719
1682	2719
2869	2719
2719	2870
2944	3379
2719	4555
2718	3733
2719	1757
2719	2898
401	2718
173	2432
4096	1558
1558	1021
1558	4207
2817	2432
2432	2819
2432	2320
4456	2432
2153	2944
4661	2432
2153	2432
2699	2432
3972	2950
2948	5093
2407	2948
3540	4524
2354	1846
1586	2354
1729	2354
2354	3016
3501	2354
4274	2354
1170	2354
121	2354
142	2354
2354	3950
2354	4151
2354	400
783	2240
783	4093
2354	4958
3267	783
4274	784
3675	1533
3775	1533
783	3501
2978	784
784	13
784	1658
2817	784
784	173
784	3273
784	2153
840	784
3529	2894
2894	1657
3789	2894
784	4075
2894	4217
2894	3180
1586	2894
2714	2894
3501	2894
2894	3560
2894	935
3565	2894
2330	2894
2894	5157
2894	2459
2894	1638
2894	87
2310	1803
3016	2310
2310	2713
139	2310
3264	2310
2310	2320
3114	2310
2310	3560
4661	2310
792	2310
2310	4274
173	2310
2310	4075
4881	2310
6	2310
784	452
2714	2310
4954	784
1586	784
3537	3078
3537	998
1828	3537
3537	401
3537	1262
3537	2898
3537	1130
3537	4325
2882	2551
2551	2894
2354	840
2551	784
2354	2759
2354	173
3537	993
2354	3560
3379	2354
2470	2354
178	5010
4754	178
178	2659
1445	178
2859	173
2551	2817
3537	1278
4859	3537
3537	4464
2354	2459
2354	5004
2229	2354
2354	668
91	2354
3537	774
401	787
787	1130
3053	787
512	3537
1175	787
4324	787
3537	4807
2850	783
4464	4297
3981	4297
4075	4430
2932	787
783	2407
3014	783
787	569
4510	4430
4456	4314
1670	2894
4430	4033
701	2993
3490	4430
2864	4314
4709	701
2354	2240
4430	4151
4093	2354
2354	1862
3732	4430
1603	2894
4430	1438
4430	3016
2966	4719
4920	4715
4715	2408
5035	4715
4033	4719
1219	2894
1219	3131
4800	4664
4715	157
4713	3769
4713	3077
4920	4713
4715	1276
2229	4719
6	4719
4661	4719
2922	4766
1671	4093
4881	4723
3286	3193
4715	5026
1299	4766
4715	2240
4146	4715
2894	3478
3071	2700
2713	2894
2965	5093
4645	1671
1604	2894
1671	652
1671	3950
4732	3078
5087	4732
2817	357
4093	4732
4626	4713
4464	4625
357	2699
4626	1453
4719	3576
2619	4719
4732	1278
4719	173
2037	2817
2817	4661
4719	3180
2699	3733
2549	1219
1219	3999
1219	2817
4627	1219
4732	1451
4717	3769
2876	4717
1219	2819
4800	880
4800	2725
4292	4800
3775	4800
1219	2699
1219	357
2994	4590
3972	4800
3190	2149
4719	2551
4719	1413
4719	3325
3135	2310
1671	3016
2149	4649
2149	2394
1671	4151
2149	2051
4458	2310
2310	4954
1671	668
2153	1671
4954	1671
959	1671
1671	6
1062	4232
173	1671
4953	1671
1062	541
1062	622
4250	1062
1062	686
1652	1062
1062	1564
1062	4577
1062	1454
1062	3377
2098	1882
3616	1062
1196	1062
3542	3487
3071	3016
1861	1413
2912	3542
3014	4438
1413	3014
3156	824
4438	288
1413	2153
2130	1413
151	1175
173	1413
5020	4920
401	151
1861	4438
2759	2310
2153	151
151	4510
2817	151
4341	4719
4719	121
957	4719
3412	4719
4719	3100
4719	1877
2320	4719
4719	4954
4719	3855
2840	4719
4191	4719
3197	4719
4719	4415
3494	2149
1645	1641
3044	724
2149	2149
3195	4778
1417	3044
2149	288
2337	3195
283	3195
665	1653
3195	309
3549	3877
4556	4425
3195	1533
4577	4556
622	4556
2817	884
1504	2819
2819	752
4341	2819
2817	3016
4661	2819
3576	2819
3264	2819
2819	2738
4215	1570
1570	2204
1570	1043
2320	2819
4330	4653
2004	4330
3475	3475
4556	5087
4556	5149
4556	3946
3210	4556
3508	3549
3888	3772
3417	2410
4556	4709
3879	3549
3549	2423
3549	16
4787	2410
2098	4274
2098	1417
1062	4425
3547	3549
4250	4556
541	4556
4556	1196
2102	4556
241	4556
3938	4556
4556	3112
4556	4900
3001	4556
4556	671
1321	4556
4556	1230
4556	1133
4556	2847
4556	3704
4556	4087
147	1062
1062	2912
4556	2410
1062	3273
1062	4877
662	1062
2415	1062
1070	1062
2940	4782
671	1062
771	4782
2196	4782
3095	1062
393	1062
1974	1062
4252	1062
1094	1657
3131	2173
2173	2195
4096	2173
4397	1657
2797	1657
3267	1657
1657	1944
173	2320
1488	1062
1062	1531
2246	1062
772	2173
1657	139
1657	4075
173	4069
2098	915
1586	2098
3379	2098
2098	5079
1180	2098
2098	3616
3112	2098
1652	2098
2817	23
2817	2500
4464	2817
2348	2098
1501	2098
4392	2098
1224	2098
671	2098
491	4895
1737	491
4782	3790
512	491
491	2898
4183	846
2938	4782
2894	491
2098	1196
3377	2098
491	3387
4577	2098
5093	2385
2385	4228
993	491
541	2098
